id,q_num,source_doc,bank_answer,bank_option_count,docx_block_id,docx_year_half,docx_q_num,docx_answer,docx_option_count,match_score,answer_status,needs_review
1,1,ISPM:objective:2020年下半年考试试题【有答案版】_ocr.pdf#1,B,4,1,2020年下半年,1,B,1,0.99,same,False
2,2,ISPM:objective:2020年下半年考试试题【有答案版】_ocr.pdf#2,A,4,2,2020年下半年,2,A,1,0.99,same,False
3,3,ISPM:objective:2020年下半年考试试题【有答案版】_ocr.pdf#3,D,4,3,2020年下半年,3,D,1,0.99,same,False
4,4,ISPM:objective:2020年下半年考试试题【有答案版】_ocr.pdf#4,A,4,4,2020年下半年,4,A,4,0.99,same,False
5,5,ISPM:objective:2020年下半年考试试题【有答案版】_ocr.pdf#5,C,4,5,2020年下半年,5,C,1,0.99,same,False
6,6,ISPM:objective:2020年下半年考试试题【有答案版】_ocr.pdf#6,A,4,6,2020年下半年,6,A,1,0.99,same,False
7,7,ISPM:objective:2020年下半年考试试题【有答案版】_ocr.pdf#7,A,4,7,2020年下半年,7,A,1,0.99,same,False
8,8,ISPM:objective:2020年下半年考试试题【有答案版】_ocr.pdf#8,B,4,8,2020年下半年,8,B,1,0.99,same,False
9,9,ISPM:objective:2020年下半年考试试题【有答案版】_ocr.pdf#9,B,4,9,2020年下半年,9,B,1,0.99,same,False
10,10,ISPM:objective:2020年下半年考试试题【有答案版】_ocr.pdf#10,D,4,10,2020年下半年,10,D,4,0.99,same,False
11,11,ISPM:objective:2020年下半年考试试题【有答案版】_ocr.pdf#11,C,4,11,2020年下半年,11,C,1,0.99,same,False
12,12,ISPM:objective:2020年下半年考试试题【有答案版】_ocr.pdf#12,B,4,12,2020年下半年,12,B,4,0.99,same,False
13,13,ISPM:objective:2020年下半年考试试题【有答案版】_ocr.pdf#13,C,4,13,2020年下半年,13,C,1,0.99,same,False
14,14,ISPM:objective:2020年下半年考试试题【有答案版】_ocr.pdf#14,D,4,14,2020年下半年,14,D,1,0.99,same,False
15,15,ISPM:objective:2020年下半年考试试题【有答案版】_ocr.pdf#15,B,4,15,2020年下半年,15,B,2,0.99,same,False
16,16,ISPM:objective:2020年下半年考试试题【有答案版】_ocr.pdf#16,A,4,16,2020年下半年,16,A,2,0.99,same,False
17,17,ISPM:objective:2020年下半年考试试题【有答案版】_ocr.pdf#17,D,4,17,2020年下半年,17,D,2,0.99,same,False
18,18,ISPM:objective:2020年下半年考试试题【有答案版】_ocr.pdf#18,C,4,18,2020年下半年,18,C,1,0.99,same,False
19,19,ISPM:objective:2020年下半年考试试题【有答案版】_ocr.pdf#19,D,4,19,2020年下半年,19,D,4,0.99,same,False
20,20,ISPM:objective:2020年下半年考试试题【有答案版】_ocr.pdf#20,B,4,20,2020年下半年,20,B,1,0.99,same,False
21,21,ISPM:objective:2020年下半年考试试题【有答案版】_ocr.pdf#21,C,4,21,2020年下半年,21,C,1,0.99,same,False
22,22,ISPM:objective:2020年下半年考试试题【有答案版】_ocr.pdf#22,B,4,22,2020年下半年,22,B,1,0.99,same,False
23,23,ISPM:objective:2020年下半年考试试题【有答案版】_ocr.pdf#23,A,4,23,2020年下半年,23,A,4,0.99,same,False
24,24,ISPM:objective:2020年下半年考试试题【有答案版】_ocr.pdf#24,B,4,24,2020年下半年,24,B,1,0.99,same,False
25,25,ISPM:objective:2020年下半年考试试题【有答案版】_ocr.pdf#25,D,4,25,2020年下半年,25,D,1,0.99,same,False
26,26,ISPM:objective:2020年下半年考试试题【有答案版】_ocr.pdf#26,C,4,26,2020年下半年,26,C,1,0.99,same,False
27,27,ISPM:objective:2020年下半年考试试题【有答案版】_ocr.pdf#27,C,4,27,2020年下半年,27,C,1,0.99,same,False
28,28,ISPM:objective:2020年下半年考试试题【有答案版】_ocr.pdf#28,B,4,28,2020年下半年,28,B,1,0.99,same,False
29,29,ISPM:objective:2020年下半年考试试题【有答案版】_ocr.pdf#29,D,4,29,2020年下半年,29,D,1,0.99,same,False
30,30,ISPM:objective:2020年下半年考试试题【有答案版】_ocr.pdf#30,B,4,30,2020年下半年,30,B,4,0.99,same,False
31,31,ISPM:objective:2020年下半年考试试题【有答案版】_ocr.pdf#31,B,4,31,2020年下半年,31,B,3,0.99,same,False
32,32,ISPM:objective:2020年下半年考试试题【有答案版】_ocr.pdf#32,A,4,32,2020年下半年,34,A,1,0.99,same,False
33,33,ISPM:objective:2020年下半年考试试题【有答案版】_ocr.pdf#33,A,4,33,2020年下半年,35,A,1,0.99,same,False
34,34,ISPM:objective:2020年下半年考试试题【有答案版】_ocr.pdf#34,D,4,34,2020年下半年,36,D,4,0.99,same,False
35,35,ISPM:objective:2020年下半年考试试题【有答案版】_ocr.pdf#35,B,4,35,2020年下半年,37,B,1,0.99,same,False
36,36,ISPM:objective:2020年下半年考试试题【有答案版】_ocr.pdf#36,D,4,36,2020年下半年,38,D,1,0.99,same,False
37,37,ISPM:objective:2020年下半年考试试题【有答案版】_ocr.pdf#37,A,4,37,2020年下半年,39,A,1,0.99,same,False
38,38,ISPM:objective:2020年下半年考试试题【有答案版】_ocr.pdf#38,C,4,38,2020年下半年,40,C,4,0.99,same,False
39,39,ISPM:objective:2020年下半年考试试题【有答案版】_ocr.pdf#39,C,4,39,2020年下半年,41,C,1,0.99,same,False
40,40,ISPM:objective:2020年下半年考试试题【有答案版】_ocr.pdf#40,A,4,40,2020年下半年,42,A,1,0.99,same,False
41,41,ISPM:objective:2020年下半年考试试题【有答案版】_ocr.pdf#41,B,4,41,2020年下半年,43,B,1,0.99,same,False
42,42,ISPM:objective:2020年下半年考试试题【有答案版】_ocr.pdf#42,B,4,42,2020年下半年,44,B,1,0.99,same,False
43,43,ISPM:objective:2020年下半年考试试题【有答案版】_ocr.pdf#43,C,4,43,2020年下半年,45,C,4,0.99,same,False
44,44,ISPM:objective:2020年下半年考试试题【有答案版】_ocr.pdf#44,D,4,44,2020年下半年,46,D,1,0.99,same,False
45,45,ISPM:objective:2020年下半年考试试题【有答案版】_ocr.pdf#45,D,4,45,2020年下半年,47,D,1,0.99,same,False
46,46,ISPM:objective:2020年下半年考试试题【有答案版】_ocr.pdf#46,D,4,46,2020年下半年,48,D,4,0.99,same,False
47,47,ISPM:objective:2020年下半年考试试题【有答案版】_ocr.pdf#47,A,4,47,2020年下半年,49,A,1,0.99,same,False
48,48,ISPM:objective:2020年下半年考试试题【有答案版】_ocr.pdf#48,D,4,48,2020年下半年,50,D,1,0.99,same,False
49,49,ISPM:objective:2020年下半年考试试题【有答案版】_ocr.pdf#49,D,4,49,2020年下半年,51,D,4,0.99,same,False
50,50,ISPM:objective:2020年下半年考试试题【有答案版】_ocr.pdf#50,A,4,50,2020年下半年,52,A,2,0.99,same,False
51,51,ISPM:objective:2020年下半年考试试题【有答案版】_ocr.pdf#51,C,4,51,2020年下半年,53,C,1,0.99,same,False
52,52,ISPM:objective:2020年下半年考试试题【有答案版】_ocr.pdf#52,A,4,52,2020年下半年,54,A,4,0.99,same,False
53,53,ISPM:objective:2020年下半年考试试题【有答案版】_ocr.pdf#53,D,4,53,2020年下半年,55,D,2,0.99,same,False
54,54,ISPM:objective:2020年下半年考试试题【有答案版】_ocr.pdf#54,C,4,54,2020年下半年,56,C,4,0.99,same,False
55,55,ISPM:objective:2020年下半年考试试题【有答案版】_ocr.pdf#55,A,4,55,2020年下半年,57,A,1,0.99,same,False
56,56,ISPM:objective:2020年下半年考试试题【有答案版】_ocr.pdf#56,A,4,56,2020年下半年,58,A,1,0.99,same,False
57,57,ISPM:objective:2020年下半年考试试题【有答案版】_ocr.pdf#57,B,4,57,2020年下半年,59,B,4,0.99,same,False
58,58,ISPM:objective:2020年下半年考试试题【有答案版】_ocr.pdf#58,D,4,58,2020年下半年,60,D,4,0.99,same,False
59,59,ISPM:objective:2020年下半年考试试题【有答案版】_ocr.pdf#59,C,4,59,2020年下半年,61,C,2,0.99,same,False
60,60,ISPM:objective:2020年下半年考试试题【有答案版】_ocr.pdf#60,B,4,60,2020年下半年,62,B,1,0.99,same,False
61,61,ISPM:objective:2020年下半年考试试题【有答案版】_ocr.pdf#61,C,4,61,2020年下半年,63,C,1,0.99,same,False
62,62,ISPM:objective:2020年下半年考试试题【有答案版】_ocr.pdf#62,A,4,62,2020年下半年,64,A,1,0.99,same,False
63,63,ISPM:objective:2020年下半年考试试题【有答案版】_ocr.pdf#63,C,4,63,2020年下半年,65,C,2,0.99,same,False
64,64,ISPM:objective:2020年下半年考试试题【有答案版】_ocr.pdf#64,D,4,64,2020年下半年,66,D,1,0.99,same,False
65,65,ISPM:objective:2020年下半年考试试题【有答案版】_ocr.pdf#65,B,5,65,2020年下半年,69,B,1,0.99,same,False
66,66,ISPM:objective:2020年下半年考试试题【有答案版】_ocr.pdf#66,A,4,66,2020年下半年,70,A,1,0.99,same,False
67,67,ISPM:objective:2020年下半年考试试题【有答案版】_ocr.pdf#67,D,4,67,2020年下半年,71,D,2,0.99,same,False
68,68,ISPM:objective:2020年下半年考试试题【有答案版】_ocr.pdf#68,C,4,68,2020年下半年,72,C,2,0.99,same,False
69,69,ISPM:objective:2020年下半年考试试题【有答案版】_ocr.pdf#69,C,4,69,2020年下半年,73,C,2,0.99,same,False
70,70,ISPM:objective:2020年下半年考试试题【有答案版】_ocr.pdf#70,C,4,70,2020年下半年,74,C,2,0.99,same,False
71,71,ISPM:objective:2020年下半年考试试题【有答案版】_ocr.pdf#71,A,4,71,2020年下半年,75,A,1,0.99,same,False
72,72,ISPM:objective:2021年上半年考试试题【有答案版】_ocr.pdf#1,B,4,72,2021年上半年,1,B,2,0.99,same,False
73,73,ISPM:objective:2021年上半年考试试题【有答案版】_ocr.pdf#2,C,4,73,2021年上半年,2,C,1,0.99,same,False
74,74,ISPM:objective:2021年上半年考试试题【有答案版】_ocr.pdf#3,D,4,74,2021年上半年,3,D,1,0.99,same,False
75,75,ISPM:objective:2021年上半年考试试题【有答案版】_ocr.pdf#4,C,4,75,2021年上半年,4,C,4,0.99,same,False
76,76,ISPM:objective:2021年上半年考试试题【有答案版】_ocr.pdf#5,A,4,76,2021年上半年,5,A,1,0.99,same,False
77,77,ISPM:objective:2021年上半年考试试题【有答案版】_ocr.pdf#6,A,4,77,2021年上半年,6,A,4,0.99,same,False
78,78,ISPM:objective:2021年上半年考试试题【有答案版】_ocr.pdf#7,C,4,78,2021年上半年,7,C,1,0.99,same,False
79,79,ISPM:objective:2021年上半年考试试题【有答案版】_ocr.pdf#8,B,4,79,2021年上半年,8,B,1,0.99,same,False
80,80,ISPM:objective:2021年上半年考试试题【有答案版】_ocr.pdf#9,A,5,80,2021年上半年,9,A,1,0.99,same,False
81,81,ISPM:objective:2021年上半年考试试题【有答案版】_ocr.pdf#10,D,4,81,2021年上半年,10,D,1,0.99,same,False
82,82,ISPM:objective:2021年上半年考试试题【有答案版】_ocr.pdf#11,B,4,82,2021年上半年,11,B,1,0.99,same,False
83,83,ISPM:objective:2021年上半年考试试题【有答案版】_ocr.pdf#12,A,4,83,2021年上半年,12,A,1,0.99,same,False
84,84,ISPM:objective:2021年上半年考试试题【有答案版】_ocr.pdf#13,A,4,84,2021年上半年,13,A,1,0.99,same,False
85,85,ISPM:objective:2021年上半年考试试题【有答案版】_ocr.pdf#14,D,4,85,2021年上半年,14,D,1,0.99,same,False
86,86,ISPM:objective:2021年上半年考试试题【有答案版】_ocr.pdf#15,D,4,86,2021年上半年,15,D,1,0.99,same,False
87,87,ISPM:objective:2021年上半年考试试题【有答案版】_ocr.pdf#16,B,4,87,2021年上半年,16,B,1,0.99,same,False
88,88,ISPM:objective:2021年上半年考试试题【有答案版】_ocr.pdf#17,A,4,88,2021年上半年,17,A,4,0.99,same,False
89,89,ISPM:objective:2021年上半年考试试题【有答案版】_ocr.pdf#18,B,4,89,2021年上半年,18,B,1,0.99,same,False
90,90,ISPM:objective:2021年上半年考试试题【有答案版】_ocr.pdf#19,A,4,90,2021年上半年,19,A,1,0.99,same,False
91,91,ISPM:objective:2021年上半年考试试题【有答案版】_ocr.pdf#20,B,4,91,2021年上半年,20,B,4,0.99,same,False
92,92,ISPM:objective:2021年上半年考试试题【有答案版】_ocr.pdf#21,C,4,92,2021年上半年,21,C,4,0.99,same,False
93,93,ISPM:objective:2021年上半年考试试题【有答案版】_ocr.pdf#22,A,4,93,2021年上半年,22,A,4,0.99,same,False
94,94,ISPM:objective:2021年上半年考试试题【有答案版】_ocr.pdf#23,A,4,94,2021年上半年,23,A,1,0.99,same,False
95,95,ISPM:objective:2021年上半年考试试题【有答案版】_ocr.pdf#24,C,4,95,2021年上半年,24,C,4,0.99,same,False
96,96,ISPM:objective:2021年上半年考试试题【有答案版】_ocr.pdf#25,D,4,96,2021年上半年,25,D,2,0.99,same,False
97,97,ISPM:objective:2021年上半年考试试题【有答案版】_ocr.pdf#26,D,4,97,2021年上半年,26,D,4,0.99,same,False
98,98,ISPM:objective:2021年上半年考试试题【有答案版】_ocr.pdf#27,B,4,98,2021年上半年,27,B,2,0.99,same,False
99,99,ISPM:objective:2021年上半年考试试题【有答案版】_ocr.pdf#28,D,4,99,2021年上半年,28,D,4,0.99,same,False
100,100,ISPM:objective:2021年上半年考试试题【有答案版】_ocr.pdf#29,B,4,100,2021年上半年,29,B,1,0.99,same,False
101,101,ISPM:objective:2021年上半年考试试题【有答案版】_ocr.pdf#30,A,4,101,2021年上半年,30,A,4,0.99,same,False
102,102,ISPM:objective:2021年上半年考试试题【有答案版】_ocr.pdf#31,C,4,102,2021年上半年,31,C,4,0.99,same,False
103,103,ISPM:objective:2021年上半年考试试题【有答案版】_ocr.pdf#32,B,4,103,2021年上半年,32,B,3,0.99,same,False
104,104,ISPM:objective:2021年上半年考试试题【有答案版】_ocr.pdf#33,D,4,104,2021年上半年,35,D,1,0.99,same,False
105,105,ISPM:objective:2021年上半年考试试题【有答案版】_ocr.pdf#34,C,4,105,2021年上半年,36,C,4,0.99,same,False
106,106,ISPM:objective:2021年上半年考试试题【有答案版】_ocr.pdf#35,A,4,106,2021年上半年,37,A,4,0.99,same,False
107,107,ISPM:objective:2021年上半年考试试题【有答案版】_ocr.pdf#36,C,4,107,2021年上半年,38,C,1,0.99,same,False
108,108,ISPM:objective:2021年上半年考试试题【有答案版】_ocr.pdf#37,C,4,108,2021年上半年,39,C,1,0.99,same,False
109,109,ISPM:objective:2021年上半年考试试题【有答案版】_ocr.pdf#38,D,4,109,2021年上半年,40,D,1,0.99,same,False
110,110,ISPM:objective:2021年上半年考试试题【有答案版】_ocr.pdf#39,B,4,110,2021年上半年,41,B,1,0.99,same,False
111,111,ISPM:objective:2021年上半年考试试题【有答案版】_ocr.pdf#40,D,4,111,2021年上半年,42,D,4,0.99,same,False
112,112,ISPM:objective:2021年上半年考试试题【有答案版】_ocr.pdf#41,C,4,112,2021年上半年,43,C,4,0.99,same,False
113,113,ISPM:objective:2021年上半年考试试题【有答案版】_ocr.pdf#42,A,4,113,2021年上半年,44,A,1,0.99,same,False
114,114,ISPM:objective:2021年上半年考试试题【有答案版】_ocr.pdf#43,C,4,114,2021年上半年,45,C,4,0.99,same,False
115,115,ISPM:objective:2021年上半年考试试题【有答案版】_ocr.pdf#44,B,4,115,2021年上半年,46,B,1,0.99,same,False
116,116,ISPM:objective:2021年上半年考试试题【有答案版】_ocr.pdf#45,A,4,116,2021年上半年,47,A,1,0.99,same,False
117,117,ISPM:objective:2021年上半年考试试题【有答案版】_ocr.pdf#46,C,4,117,2021年上半年,48,C,4,0.99,same,False
118,118,ISPM:objective:2021年上半年考试试题【有答案版】_ocr.pdf#47,A,4,118,2021年上半年,49,A,1,0.99,same,False
119,119,ISPM:objective:2021年上半年考试试题【有答案版】_ocr.pdf#48,D,4,119,2021年上半年,50,D,1,0.99,same,False
120,120,ISPM:objective:2021年上半年考试试题【有答案版】_ocr.pdf#49,B,4,120,2021年上半年,51,B,1,0.99,same,False
121,121,ISPM:objective:2021年上半年考试试题【有答案版】_ocr.pdf#50,C,4,121,2021年上半年,52,C,1,0.99,same,False
122,122,ISPM:objective:2021年上半年考试试题【有答案版】_ocr.pdf#51,B,4,122,2021年上半年,53,B,3,0.99,same,False
123,123,ISPM:objective:2021年上半年考试试题【有答案版】_ocr.pdf#52,C,4,123,2021年上半年,54,C,4,0.99,same,False
124,124,ISPM:objective:2021年上半年考试试题【有答案版】_ocr.pdf#53,B,4,124,2021年上半年,55,B,4,0.99,same,False
125,125,ISPM:objective:2021年上半年考试试题【有答案版】_ocr.pdf#54,B,4,125,2021年上半年,56,B,4,0.99,same,False
126,126,ISPM:objective:2021年上半年考试试题【有答案版】_ocr.pdf#55,C,4,126,2021年上半年,57,C,1,0.99,same,False
127,127,ISPM:objective:2021年上半年考试试题【有答案版】_ocr.pdf#56,D,4,127,2021年上半年,58,D,1,0.99,same,False
128,128,ISPM:objective:2021年上半年考试试题【有答案版】_ocr.pdf#57,A,4,128,2021年上半年,59,A,1,0.99,same,False
129,129,ISPM:objective:2021年上半年考试试题【有答案版】_ocr.pdf#58,B,4,129,2021年上半年,60,B,2,0.99,same,False
130,130,ISPM:objective:2021年上半年考试试题【有答案版】_ocr.pdf#59,D,4,130,2021年上半年,61,D,4,0.99,same,False
131,131,ISPM:objective:2021年上半年考试试题【有答案版】_ocr.pdf#60,B,4,131,2021年上半年,62,B,1,0.99,same,False
132,132,ISPM:objective:2021年上半年考试试题【有答案版】_ocr.pdf#61,A,4,132,2021年上半年,63,A,1,0.99,same,False
133,133,ISPM:objective:2021年上半年考试试题【有答案版】_ocr.pdf#62,C,4,133,2021年上半年,64,C,4,0.99,same,False
134,134,ISPM:objective:2021年上半年考试试题【有答案版】_ocr.pdf#63,A,4,134,2021年上半年,65,A,4,0.99,same,False
135,135,ISPM:objective:2021年上半年考试试题【有答案版】_ocr.pdf#64,B,4,135,2021年上半年,66,B,1,0.99,same,False
136,136,ISPM:objective:2021年上半年考试试题【有答案版】_ocr.pdf#65,B,4,136,2021年上半年,69,B,1,0.99,same,False
137,137,ISPM:objective:2021年上半年考试试题【有答案版】_ocr.pdf#66,D,4,137,2021年上半年,70,D,1,0.99,same,False
138,138,ISPM:objective:2021年上半年考试试题【有答案版】_ocr.pdf#67,B,4,138,2021年上半年,71,B,2,0.99,same,False
139,139,ISPM:objective:2021年上半年考试试题【有答案版】_ocr.pdf#68,C,4,139,2021年上半年,72,C,2,0.99,same,False
140,140,ISPM:objective:2021年上半年考试试题【有答案版】_ocr.pdf#69,D,4,140,2021年上半年,73,D,4,0.99,same,False
141,141,ISPM:objective:2021年上半年考试试题【有答案版】_ocr.pdf#70,A,4,141,2021年上半年,74,A,2,0.99,same,False
142,142,ISPM:objective:2021年上半年考试试题【有答案版】_ocr.pdf#71,D,4,142,2021年上半年,75,D,3,0.99,same,False
143,143,ISPM:objective:2021年下半年考试试题【有答案版】_ocr.pdf#1,B,4,143,2021年下半年,1,B,1,0.99,same,False
144,144,ISPM:objective:2021年下半年考试试题【有答案版】_ocr.pdf#2,D,4,144,2021年下半年,2,D,1,0.99,same,False
145,145,ISPM:objective:2021年下半年考试试题【有答案版】_ocr.pdf#3,A,4,145,2021年下半年,3,A,1,0.99,same,False
146,146,ISPM:objective:2021年下半年考试试题【有答案版】_ocr.pdf#4,C,4,146,2021年下半年,4,C,1,0.99,same,False
147,147,ISPM:objective:2021年下半年考试试题【有答案版】_ocr.pdf#5,B,4,147,2021年下半年,5,B,1,0.99,same,False
148,148,ISPM:objective:2021年下半年考试试题【有答案版】_ocr.pdf#6,C,4,148,2021年下半年,6,C,4,0.99,same,False
149,149,ISPM:objective:2021年下半年考试试题【有答案版】_ocr.pdf#7,D,4,149,2021年下半年,7,D,1,0.99,same,False
150,150,ISPM:objective:2021年下半年考试试题【有答案版】_ocr.pdf#8,C,4,150,2021年下半年,8,C,1,0.99,same,False
151,151,ISPM:objective:2021年下半年考试试题【有答案版】_ocr.pdf#9,D,4,151,2021年下半年,9,D,1,0.99,same,False
152,152,ISPM:objective:2021年下半年考试试题【有答案版】_ocr.pdf#10,A,4,152,2021年下半年,10,A,1,0.99,same,False
153,153,ISPM:objective:2021年下半年考试试题【有答案版】_ocr.pdf#11,D,5,153,2021年下半年,11,D,1,0.99,same,False
154,154,ISPM:objective:2021年下半年考试试题【有答案版】_ocr.pdf#12,C,4,154,2021年下半年,12,C,4,0.99,same,False
155,155,ISPM:objective:2021年下半年考试试题【有答案版】_ocr.pdf#13,C,4,155,2021年下半年,13,C,2,0.99,same,False
156,156,ISPM:objective:2021年下半年考试试题【有答案版】_ocr.pdf#14,D,4,156,2021年下半年,14,D,4,0.99,same,False
157,157,ISPM:objective:2021年下半年考试试题【有答案版】_ocr.pdf#15,C,4,157,2021年下半年,15,C,4,0.99,same,False
158,158,ISPM:objective:2021年下半年考试试题【有答案版】_ocr.pdf#16,A,4,158,2021年下半年,16,A,2,0.99,same,False
159,159,ISPM:objective:2021年下半年考试试题【有答案版】_ocr.pdf#17,D,4,159,2021年下半年,17,D,2,0.99,same,False
160,160,ISPM:objective:2021年下半年考试试题【有答案版】_ocr.pdf#18,A,4,160,2021年下半年,18,A,1,0.99,same,False
161,161,ISPM:objective:2021年下半年考试试题【有答案版】_ocr.pdf#19,B,4,161,2021年下半年,19,B,1,0.99,same,False
162,162,ISPM:objective:2021年下半年考试试题【有答案版】_ocr.pdf#20,B,4,162,2021年下半年,20,B,1,0.99,same,False
163,163,ISPM:objective:2021年下半年考试试题【有答案版】_ocr.pdf#21,A,4,163,2021年下半年,21,A,2,0.99,same,False
164,164,ISPM:objective:2021年下半年考试试题【有答案版】_ocr.pdf#22,C,4,164,2021年下半年,22,C,4,0.99,same,False
165,165,ISPM:objective:2021年下半年考试试题【有答案版】_ocr.pdf#23,B,4,165,2021年下半年,23,B,1,0.99,same,False
166,166,ISPM:objective:2021年下半年考试试题【有答案版】_ocr.pdf#24,D,4,166,2021年下半年,24,D,1,0.99,same,False
167,167,ISPM:objective:2021年下半年考试试题【有答案版】_ocr.pdf#25,A,4,167,2021年下半年,25,A,4,0.99,same,False
168,168,ISPM:objective:2021年下半年考试试题【有答案版】_ocr.pdf#26,B,4,168,2021年下半年,26,B,4,0.99,same,False
169,169,ISPM:objective:2021年下半年考试试题【有答案版】_ocr.pdf#27,C,4,169,2021年下半年,27,C,1,0.99,same,False
170,170,ISPM:objective:2021年下半年考试试题【有答案版】_ocr.pdf#28,D,4,170,2021年下半年,28,D,1,0.99,same,False
171,171,ISPM:objective:2021年下半年考试试题【有答案版】_ocr.pdf#29,D,4,171,2021年下半年,29,D,4,0.99,same,False
172,172,ISPM:objective:2021年下半年考试试题【有答案版】_ocr.pdf#30,A,4,172,2021年下半年,30,A,3,0.99,same,False
173,173,ISPM:objective:2021年下半年考试试题【有答案版】_ocr.pdf#31,B,4,173,2021年下半年,31,B,1,0.99,same,False
174,174,ISPM:objective:2021年下半年考试试题【有答案版】_ocr.pdf#32,C,4,174,2021年下半年,32,C,1,0.99,same,False
175,175,ISPM:objective:2021年下半年考试试题【有答案版】_ocr.pdf#33,A,5,175,2021年下半年,33,A,2,0.99,same,False
176,176,ISPM:objective:2021年下半年考试试题【有答案版】_ocr.pdf#34,A,4,176,2021年下半年,34,A,1,0.99,same,False
177,177,ISPM:objective:2021年下半年考试试题【有答案版】_ocr.pdf#35,C,4,177,2021年下半年,35,C,1,0.99,same,False
178,178,ISPM:objective:2021年下半年考试试题【有答案版】_ocr.pdf#36,D,4,178,2021年下半年,36,D,1,0.99,same,False
179,179,ISPM:objective:2021年下半年考试试题【有答案版】_ocr.pdf#37,B,4,179,2021年下半年,37,B,1,0.99,same,False
180,180,ISPM:objective:2021年下半年考试试题【有答案版】_ocr.pdf#38,A,4,180,2021年下半年,38,A,4,0.99,same,False
181,181,ISPM:objective:2021年下半年考试试题【有答案版】_ocr.pdf#39,C,4,181,2021年下半年,39,C,4,0.99,same,False
182,182,ISPM:objective:2021年下半年考试试题【有答案版】_ocr.pdf#40,C,4,182,2021年下半年,40,C,4,0.99,same,False
183,183,ISPM:objective:2021年下半年考试试题【有答案版】_ocr.pdf#41,B,4,183,2021年下半年,41,B,1,0.99,same,False
184,184,ISPM:objective:2021年下半年考试试题【有答案版】_ocr.pdf#42,C,4,184,2021年下半年,42,C,1,0.99,same,False
185,185,ISPM:objective:2021年下半年考试试题【有答案版】_ocr.pdf#43,A,4,185,2021年下半年,43,A,1,0.99,same,False
186,186,ISPM:objective:2021年下半年考试试题【有答案版】_ocr.pdf#44,D,4,186,2021年下半年,44,D,1,0.99,same,False
187,187,ISPM:objective:2021年下半年考试试题【有答案版】_ocr.pdf#45,B,4,187,2021年下半年,45,,4,0.99,na,False
188,188,ISPM:objective:2021年下半年考试试题【有答案版】_ocr.pdf#46,,4,188,2021年下半年,46,,1,0.99,na,False
189,189,ISPM:objective:2021年下半年考试试题【有答案版】_ocr.pdf#47,B,4,189,2021年下半年,47,,1,0.99,na,False
190,190,ISPM:objective:2021年下半年考试试题【有答案版】_ocr.pdf#48,B,4,190,2021年下半年,48,B,1,0.99,same,False
191,191,ISPM:objective:2021年下半年考试试题【有答案版】_ocr.pdf#49,C,4,191,2021年下半年,49,C,1,0.99,same,False
192,192,ISPM:objective:2021年下半年考试试题【有答案版】_ocr.pdf#50,A,4,192,2021年下半年,50,A,1,0.99,same,False
193,193,ISPM:objective:2021年下半年考试试题【有答案版】_ocr.pdf#51,B,5,193,2021年下半年,51,B,2,0.99,same,False
194,194,ISPM:objective:2021年下半年考试试题【有答案版】_ocr.pdf#52,C,4,194,2021年下半年,52,C,1,0.99,same,False
195,195,ISPM:objective:2021年下半年考试试题【有答案版】_ocr.pdf#53,D,4,195,2021年下半年,53,D,1,0.99,same,False
196,196,ISPM:objective:2021年下半年考试试题【有答案版】_ocr.pdf#54,D,4,196,2021年下半年,54,D,4,0.99,same,False
197,197,ISPM:objective:2021年下半年考试试题【有答案版】_ocr.pdf#55,C,4,197,2021年下半年,55,C,1,0.99,same,False
198,198,ISPM:objective:2021年下半年考试试题【有答案版】_ocr.pdf#56,C,4,198,2021年下半年,56,C,4,0.99,same,False
199,199,ISPM:objective:2021年下半年考试试题【有答案版】_ocr.pdf#57,B,4,199,2021年下半年,57,B,4,0.99,same,False
200,200,ISPM:objective:2021年下半年考试试题【有答案版】_ocr.pdf#58,C,4,200,2021年下半年,58,C,4,0.99,same,False
201,201,ISPM:objective:2021年下半年考试试题【有答案版】_ocr.pdf#59,A,4,201,2021年下半年,59,A,4,0.99,same,False
202,202,ISPM:objective:2021年下半年考试试题【有答案版】_ocr.pdf#60,A,4,202,2021年下半年,60,A,4,0.99,same,False
203,203,ISPM:objective:2021年下半年考试试题【有答案版】_ocr.pdf#61,C,4,203,2021年下半年,61,C,1,0.99,same,False
204,204,ISPM:objective:2021年下半年考试试题【有答案版】_ocr.pdf#62,D,4,204,2021年下半年,62,D,2,0.99,same,False
205,205,ISPM:objective:2021年下半年考试试题【有答案版】_ocr.pdf#63,B,4,205,2021年下半年,63,B,1,0.99,same,False
206,206,ISPM:objective:2021年下半年考试试题【有答案版】_ocr.pdf#64,D,4,206,2021年下半年,64,D,1,0.99,same,False
207,207,ISPM:objective:2021年下半年考试试题【有答案版】_ocr.pdf#65,A,4,207,2021年下半年,65,A,1,0.99,same,False
208,208,ISPM:objective:2021年下半年考试试题【有答案版】_ocr.pdf#66,B,4,208,2021年下半年,70,B,1,0.99,same,False
209,209,ISPM:objective:2021年下半年考试试题【有答案版】_ocr.pdf#67,A,4,209,2021年下半年,71,A,2,0.99,same,False
210,210,ISPM:objective:2021年下半年考试试题【有答案版】_ocr.pdf#68,B,4,210,2021年下半年,72,B,2,0.99,same,False
211,211,ISPM:objective:2021年下半年考试试题【有答案版】_ocr.pdf#69,D,4,211,2021年下半年,73,D,3,0.99,same,False
212,212,ISPM:objective:2021年下半年考试试题【有答案版】_ocr.pdf#70,B,4,212,2021年下半年,74,B,3,0.99,same,False
213,213,ISPM:objective:2021年下半年考试试题【有答案版】_ocr.pdf#71,A,4,213,2021年下半年,75,A,3,0.99,same,False
214,214,ISPM:objective:2022年上半年考试试题【有答案版】_ocr.pdf#1,B,4,214,2022年上半年,1,B,1,0.99,same,False
215,215,ISPM:objective:2022年上半年考试试题【有答案版】_ocr.pdf#2,D,4,215,2022年上半年,2,D,1,0.99,same,False
216,216,ISPM:objective:2022年上半年考试试题【有答案版】_ocr.pdf#3,C,4,216,2022年上半年,3,C,1,0.99,same,False
217,217,ISPM:objective:2022年上半年考试试题【有答案版】_ocr.pdf#4,A,4,217,2022年上半年,4,A,1,0.99,same,False
218,218,ISPM:objective:2022年上半年考试试题【有答案版】_ocr.pdf#5,C,4,218,2022年上半年,5,C,2,0.99,same,False
219,219,ISPM:objective:2022年上半年考试试题【有答案版】_ocr.pdf#6,A,4,219,2022年上半年,6,A,1,0.99,same,False
220,220,ISPM:objective:2022年上半年考试试题【有答案版】_ocr.pdf#7,A,4,220,2022年上半年,7,A,2,0.99,same,False
221,221,ISPM:objective:2022年上半年考试试题【有答案版】_ocr.pdf#8,C,5,221,2022年上半年,8,C,1,0.99,same,False
222,222,ISPM:objective:2022年上半年考试试题【有答案版】_ocr.pdf#9,B,5,222,2022年上半年,9,B,2,0.99,same,False
223,223,ISPM:objective:2022年上半年考试试题【有答案版】_ocr.pdf#10,C,4,223,2022年上半年,10,C,1,0.99,same,False
224,224,ISPM:objective:2022年上半年考试试题【有答案版】_ocr.pdf#11,B,4,224,2022年上半年,11,B,1,0.99,same,False
225,225,ISPM:objective:2022年上半年考试试题【有答案版】_ocr.pdf#12,A,4,225,2022年上半年,12,A,4,0.99,same,False
226,226,ISPM:objective:2022年上半年考试试题【有答案版】_ocr.pdf#13,C,4,226,2022年上半年,13,C,2,0.99,same,False
227,227,ISPM:objective:2022年上半年考试试题【有答案版】_ocr.pdf#14,D,4,227,2022年上半年,14,D,1,0.99,same,False
228,228,ISPM:objective:2022年上半年考试试题【有答案版】_ocr.pdf#15,B,4,228,2022年上半年,15,B,2,0.99,same,False
229,229,ISPM:objective:2022年上半年考试试题【有答案版】_ocr.pdf#16,D,4,229,2022年上半年,16,D,1,0.99,same,False
230,230,ISPM:objective:2022年上半年考试试题【有答案版】_ocr.pdf#17,C,4,230,2022年上半年,17,C,1,0.99,same,False
231,231,ISPM:objective:2022年上半年考试试题【有答案版】_ocr.pdf#18,C,4,231,2022年上半年,18,C,1,0.99,same,False
232,232,ISPM:objective:2022年上半年考试试题【有答案版】_ocr.pdf#19,B,4,232,2022年上半年,19,B,4,0.99,same,False
233,233,ISPM:objective:2022年上半年考试试题【有答案版】_ocr.pdf#20,A,4,233,2022年上半年,20,A,1,0.99,same,False
234,234,ISPM:objective:2022年上半年考试试题【有答案版】_ocr.pdf#21,C,4,234,2022年上半年,21,C,1,0.99,same,False
235,235,ISPM:objective:2022年上半年考试试题【有答案版】_ocr.pdf#22,D,4,235,2022年上半年,22,D,4,0.99,same,False
236,236,ISPM:objective:2022年上半年考试试题【有答案版】_ocr.pdf#23,D,4,236,2022年上半年,23,D,1,0.99,same,False
237,237,ISPM:objective:2022年上半年考试试题【有答案版】_ocr.pdf#24,B,4,237,2022年上半年,24,B,4,0.99,same,False
238,238,ISPM:objective:2022年上半年考试试题【有答案版】_ocr.pdf#25,D,4,238,2022年上半年,25,D,1,0.99,same,False
239,239,ISPM:objective:2022年上半年考试试题【有答案版】_ocr.pdf#26,A,4,239,2022年上半年,26,A,4,0.99,same,False
240,240,ISPM:objective:2022年上半年考试试题【有答案版】_ocr.pdf#27,D,4,240,2022年上半年,27,D,4,0.99,same,False
241,241,ISPM:objective:2022年上半年考试试题【有答案版】_ocr.pdf#28,B,4,241,2022年上半年,28,B,4,0.99,same,False
242,242,ISPM:objective:2022年上半年考试试题【有答案版】_ocr.pdf#29,D,4,242,2022年上半年,29,D,1,0.99,same,False
243,243,ISPM:objective:2022年上半年考试试题【有答案版】_ocr.pdf#30,B,4,243,2022年上半年,30,B,4,0.99,same,False
244,244,ISPM:objective:2022年上半年考试试题【有答案版】_ocr.pdf#31,B,4,244,2022年上半年,33,B,1,0.99,same,False
245,245,ISPM:objective:2022年上半年考试试题【有答案版】_ocr.pdf#32,B,4,245,2022年上半年,34,B,4,0.99,same,False
246,246,ISPM:objective:2022年上半年考试试题【有答案版】_ocr.pdf#33,A,5,246,2022年上半年,35,A,2,0.99,same,False
247,247,ISPM:objective:2022年上半年考试试题【有答案版】_ocr.pdf#34,C,4,247,2022年上半年,36,C,1,0.99,same,False
248,248,ISPM:objective:2022年上半年考试试题【有答案版】_ocr.pdf#35,D,4,248,2022年上半年,37,D,4,0.99,same,False
249,249,ISPM:objective:2022年上半年考试试题【有答案版】_ocr.pdf#36,A,4,249,2022年上半年,38,A,1,0.99,same,False
250,250,ISPM:objective:2022年上半年考试试题【有答案版】_ocr.pdf#37,C,4,250,2022年上半年,39,C,4,0.99,same,False
251,251,ISPM:objective:2022年上半年考试试题【有答案版】_ocr.pdf#38,A,4,251,2022年上半年,40,A,4,0.99,same,False
252,252,ISPM:objective:2022年上半年考试试题【有答案版】_ocr.pdf#39,C,4,252,2022年上半年,41,C,4,0.99,same,False
253,253,ISPM:objective:2022年上半年考试试题【有答案版】_ocr.pdf#40,D,4,253,2022年上半年,42,D,1,0.99,same,False
254,254,ISPM:objective:2022年上半年考试试题【有答案版】_ocr.pdf#41,B,4,254,2022年上半年,43,B,4,0.99,same,False
255,255,ISPM:objective:2022年上半年考试试题【有答案版】_ocr.pdf#42,C,4,255,2022年上半年,44,C,4,0.99,same,False
256,256,ISPM:objective:2022年上半年考试试题【有答案版】_ocr.pdf#43,A,4,256,2022年上半年,45,A,1,0.99,same,False
257,257,ISPM:objective:2022年上半年考试试题【有答案版】_ocr.pdf#44,D,4,257,2022年上半年,46,D,4,0.99,same,False
258,258,ISPM:objective:2022年上半年考试试题【有答案版】_ocr.pdf#45,A,4,258,2022年上半年,47,A,1,0.99,same,False
259,259,ISPM:objective:2022年上半年考试试题【有答案版】_ocr.pdf#46,A,4,259,2022年上半年,48,A,4,0.99,same,False
260,260,ISPM:objective:2022年上半年考试试题【有答案版】_ocr.pdf#47,D,4,260,2022年上半年,49,D,2,0.99,same,False
261,261,ISPM:objective:2022年上半年考试试题【有答案版】_ocr.pdf#48,B,4,261,2022年上半年,50,B,2,0.99,same,False
262,262,ISPM:objective:2022年上半年考试试题【有答案版】_ocr.pdf#49,B,4,262,2022年上半年,51,B,4,0.99,same,False
263,263,ISPM:objective:2022年上半年考试试题【有答案版】_ocr.pdf#50,C,4,263,2022年上半年,52,C,1,0.99,same,False
264,264,ISPM:objective:2022年上半年考试试题【有答案版】_ocr.pdf#51,D,4,264,2022年上半年,53,D,4,0.99,same,False
265,265,ISPM:objective:2022年上半年考试试题【有答案版】_ocr.pdf#52,B,4,265,2022年上半年,54,B,1,0.99,same,False
266,266,ISPM:objective:2022年上半年考试试题【有答案版】_ocr.pdf#53,A,4,266,2022年上半年,55,A,4,0.99,same,False
267,267,ISPM:objective:2022年上半年考试试题【有答案版】_ocr.pdf#54,C,5,267,2022年上半年,56,C,4,0.99,same,False
268,268,ISPM:objective:2022年上半年考试试题【有答案版】_ocr.pdf#55,A,4,268,2022年上半年,57,A,4,0.99,same,False
269,269,ISPM:objective:2022年上半年考试试题【有答案版】_ocr.pdf#56,B,4,269,2022年上半年,58,B,2,0.99,same,False
270,270,ISPM:objective:2022年上半年考试试题【有答案版】_ocr.pdf#57,D,4,270,2022年上半年,59,D,4,0.99,same,False
271,271,ISPM:objective:2022年上半年考试试题【有答案版】_ocr.pdf#58,D,4,271,2022年上半年,60,D,1,0.99,same,False
272,272,ISPM:objective:2022年上半年考试试题【有答案版】_ocr.pdf#59,A,4,272,2022年上半年,61,A,4,0.99,same,False
273,273,ISPM:objective:2022年上半年考试试题【有答案版】_ocr.pdf#60,B,4,273,2022年上半年,62,B,1,0.99,same,False
274,274,ISPM:objective:2022年上半年考试试题【有答案版】_ocr.pdf#61,C,4,274,2022年上半年,63,C,4,0.99,same,False
275,275,ISPM:objective:2022年上半年考试试题【有答案版】_ocr.pdf#62,B,4,275,2022年上半年,64,B,1,0.99,same,False
276,276,ISPM:objective:2022年上半年考试试题【有答案版】_ocr.pdf#63,D,4,276,2022年上半年,65,D,4,0.99,same,False
277,277,ISPM:objective:2022年上半年考试试题【有答案版】_ocr.pdf#64,B,4,277,2022年上半年,68,B,1,0.99,same,False
278,278,ISPM:objective:2022年上半年考试试题【有答案版】_ocr.pdf#65,D,4,278,2022年上半年,69,,2,0.99,na,False
279,279,ISPM:objective:2022年上半年考试试题【有答案版】_ocr.pdf#66,D,3,278,2022年上半年,69,,2,0.3786,na,True
280,280,ISPM:objective:2022年上半年考试试题【有答案版】_ocr.pdf#67,A,4,279,2022年上半年,71,A,2,0.99,same,False
281,281,ISPM:objective:2022年上半年考试试题【有答案版】_ocr.pdf#68,D,4,280,2022年上半年,72,D,4,0.99,same,False
282,282,ISPM:objective:2022年上半年考试试题【有答案版】_ocr.pdf#69,C,4,281,2022年上半年,73,C,3,0.99,same,False
283,283,ISPM:objective:2022年上半年考试试题【有答案版】_ocr.pdf#70,D,4,282,2022年上半年,74,D,1,0.99,same,False
284,284,ISPM:objective:2022年上半年考试试题【有答案版】_ocr.pdf#71,A,4,283,2022年上半年,75,A,2,0.99,same,False
285,285,ISPM:objective:2023年下半年考试试题（第1批）【有答案版】_ocr.pdf#1,A,4,352,2023年下半年,1,A,1,0.99,same,False
286,286,ISPM:objective:2023年下半年考试试题（第1批）【有答案版】_ocr.pdf#2,D,4,353,2023年下半年,2,D,1,0.99,same,False
287,287,ISPM:objective:2023年下半年考试试题（第1批）【有答案版】_ocr.pdf#3,D,4,354,2023年下半年,3,D,1,0.99,same,False
288,288,ISPM:objective:2023年下半年考试试题（第1批）【有答案版】_ocr.pdf#4,A,4,355,2023年下半年,4,A,1,0.99,same,False
289,289,ISPM:objective:2023年下半年考试试题（第1批）【有答案版】_ocr.pdf#5,D,4,356,2023年下半年,5,D,4,0.99,same,False
290,290,ISPM:objective:2023年下半年考试试题（第1批）【有答案版】_ocr.pdf#6,D,4,357,2023年下半年,6,D,4,0.99,same,False
291,291,ISPM:objective:2023年下半年考试试题（第1批）【有答案版】_ocr.pdf#7,C,4,358,2023年下半年,7,C,1,0.99,same,False
292,292,ISPM:objective:2023年下半年考试试题（第1批）【有答案版】_ocr.pdf#8,D,4,359,2023年下半年,8,D,1,0.99,same,False
293,293,ISPM:objective:2023年下半年考试试题（第1批）【有答案版】_ocr.pdf#9,A,4,360,2023年下半年,9,A,1,0.99,same,False
294,294,ISPM:objective:2023年下半年考试试题（第1批）【有答案版】_ocr.pdf#10,D,4,361,2023年下半年,10,D,1,0.99,same,False
295,295,ISPM:objective:2023年下半年考试试题（第1批）【有答案版】_ocr.pdf#11,A,4,362,2023年下半年,11,A,1,0.99,same,False
296,296,ISPM:objective:2023年下半年考试试题（第1批）【有答案版】_ocr.pdf#12,A,4,363,2023年下半年,12,A,1,0.99,same,False
297,297,ISPM:objective:2023年下半年考试试题（第1批）【有答案版】_ocr.pdf#13,A,4,364,2023年下半年,13,A,4,0.99,same,False
298,298,ISPM:objective:2023年下半年考试试题（第1批）【有答案版】_ocr.pdf#14,D,4,365,2023年下半年,14,D,4,0.99,same,False
299,299,ISPM:objective:2023年下半年考试试题（第1批）【有答案版】_ocr.pdf#15,D,4,366,2023年下半年,15,D,1,0.99,same,False
300,300,ISPM:objective:2023年下半年考试试题（第1批）【有答案版】_ocr.pdf#16,B,4,367,2023年下半年,16,B,4,0.99,same,False
301,301,ISPM:objective:2023年下半年考试试题（第1批）【有答案版】_ocr.pdf#17,D,4,368,2023年下半年,17,D,1,0.99,same,False
302,302,ISPM:objective:2023年下半年考试试题（第1批）【有答案版】_ocr.pdf#18,C,4,369,2023年下半年,18,C,4,0.99,same,False
303,303,ISPM:objective:2023年下半年考试试题（第1批）【有答案版】_ocr.pdf#19,D,4,370,2023年下半年,19,D,1,0.99,same,False
304,304,ISPM:objective:2023年下半年考试试题（第1批）【有答案版】_ocr.pdf#20,D,4,371,2023年下半年,20,D,4,0.99,same,False
305,305,ISPM:objective:2023年下半年考试试题（第1批）【有答案版】_ocr.pdf#21,A,4,372,2023年下半年,21,A,1,0.99,same,False
306,306,ISPM:objective:2023年下半年考试试题（第1批）【有答案版】_ocr.pdf#22,A,4,373,2023年下半年,22,A,1,0.99,same,False
307,307,ISPM:objective:2023年下半年考试试题（第1批）【有答案版】_ocr.pdf#23,B,4,374,2023年下半年,23,B,1,0.99,same,False
308,308,ISPM:objective:2023年下半年考试试题（第1批）【有答案版】_ocr.pdf#24,C,4,375,2023年下半年,24,C,1,0.99,same,False
309,309,ISPM:objective:2023年下半年考试试题（第1批）【有答案版】_ocr.pdf#25,A,4,376,2023年下半年,25,A,2,0.99,same,False
310,310,ISPM:objective:2023年下半年考试试题（第1批）【有答案版】_ocr.pdf#26,A,4,377,2023年下半年,26,A,4,0.99,same,False
311,311,ISPM:objective:2023年下半年考试试题（第1批）【有答案版】_ocr.pdf#27,A,4,378,2023年下半年,27,A,1,0.99,same,False
312,312,ISPM:objective:2023年下半年考试试题（第1批）【有答案版】_ocr.pdf#28,B,4,379,2023年下半年,28,B,1,0.99,same,False
313,313,ISPM:objective:2023年下半年考试试题（第1批）【有答案版】_ocr.pdf#29,A,4,380,2023年下半年,29,A,4,0.99,same,False
314,314,ISPM:objective:2023年下半年考试试题（第1批）【有答案版】_ocr.pdf#30,D,4,381,2023年下半年,30,D,1,0.99,same,False
315,315,ISPM:objective:2023年下半年考试试题（第1批）【有答案版】_ocr.pdf#31,D,4,382,2023年下半年,31,D,4,0.99,same,False
316,316,ISPM:objective:2023年下半年考试试题（第1批）【有答案版】_ocr.pdf#32,D,4,383,2023年下半年,32,D,4,0.99,same,False
317,317,ISPM:objective:2023年下半年考试试题（第1批）【有答案版】_ocr.pdf#33,C,4,384,2023年下半年,33,C,4,0.99,same,False
318,318,ISPM:objective:2023年下半年考试试题（第1批）【有答案版】_ocr.pdf#34,D,4,385,2023年下半年,34,D,1,0.99,same,False
319,319,ISPM:objective:2023年下半年考试试题（第1批）【有答案版】_ocr.pdf#35,B,4,386,2023年下半年,35,B,1,0.99,same,False
320,320,ISPM:objective:2023年下半年考试试题（第1批）【有答案版】_ocr.pdf#36,C,4,387,2023年下半年,36,C,4,0.99,same,False
321,321,ISPM:objective:2023年下半年考试试题（第1批）【有答案版】_ocr.pdf#37,B,4,388,2023年下半年,37,B,2,0.99,same,False
322,322,ISPM:objective:2023年下半年考试试题（第2批）【有答案版】_ocr.pdf#1,A,4,352,2023年下半年,1,A,1,0.99,same,False
323,323,ISPM:objective:2023年下半年考试试题（第2批）【有答案版】_ocr.pdf#2,D,4,353,2023年下半年,2,D,1,0.99,same,False
324,324,ISPM:objective:2023年下半年考试试题（第2批）【有答案版】_ocr.pdf#3,D,4,354,2023年下半年,3,D,1,0.99,same,False
325,325,ISPM:objective:2023年下半年考试试题（第2批）【有答案版】_ocr.pdf#4,A,4,355,2023年下半年,4,A,1,0.99,same,False
326,326,ISPM:objective:2023年下半年考试试题（第2批）【有答案版】_ocr.pdf#5,D,4,356,2023年下半年,5,D,4,0.99,same,False
327,327,ISPM:objective:2023年下半年考试试题（第2批）【有答案版】_ocr.pdf#6,D,4,357,2023年下半年,6,D,4,0.99,same,False
328,328,ISPM:objective:2023年下半年考试试题（第2批）【有答案版】_ocr.pdf#7,C,4,358,2023年下半年,7,C,1,0.99,same,False
329,329,ISPM:objective:2023年下半年考试试题（第2批）【有答案版】_ocr.pdf#8,D,4,359,2023年下半年,8,D,1,0.99,same,False
330,330,ISPM:objective:2023年下半年考试试题（第2批）【有答案版】_ocr.pdf#9,A,4,360,2023年下半年,9,A,1,0.99,same,False
331,331,ISPM:objective:2023年下半年考试试题（第2批）【有答案版】_ocr.pdf#10,D,4,361,2023年下半年,10,D,1,0.99,same,False
332,332,ISPM:objective:2023年下半年考试试题（第2批）【有答案版】_ocr.pdf#11,A,4,362,2023年下半年,11,A,1,0.99,same,False
333,333,ISPM:objective:2023年下半年考试试题（第2批）【有答案版】_ocr.pdf#12,A,4,363,2023年下半年,12,A,1,0.99,same,False
334,334,ISPM:objective:2023年下半年考试试题（第2批）【有答案版】_ocr.pdf#13,A,4,364,2023年下半年,13,A,4,0.99,same,False
335,335,ISPM:objective:2023年下半年考试试题（第2批）【有答案版】_ocr.pdf#14,D,4,365,2023年下半年,14,D,4,0.99,same,False
336,336,ISPM:objective:2023年下半年考试试题（第2批）【有答案版】_ocr.pdf#15,D,4,366,2023年下半年,15,D,1,0.99,same,False
337,337,ISPM:objective:2023年下半年考试试题（第2批）【有答案版】_ocr.pdf#16,B,4,367,2023年下半年,16,B,4,0.99,same,False
338,338,ISPM:objective:2023年下半年考试试题（第2批）【有答案版】_ocr.pdf#17,D,4,368,2023年下半年,17,D,1,0.99,same,False
339,339,ISPM:objective:2023年下半年考试试题（第2批）【有答案版】_ocr.pdf#18,C,4,369,2023年下半年,18,C,4,0.99,same,False
340,340,ISPM:objective:2023年下半年考试试题（第2批）【有答案版】_ocr.pdf#19,D,4,370,2023年下半年,19,D,1,0.99,same,False
341,341,ISPM:objective:2023年下半年考试试题（第2批）【有答案版】_ocr.pdf#20,D,4,371,2023年下半年,20,D,4,0.99,same,False
342,342,ISPM:objective:2023年下半年考试试题（第2批）【有答案版】_ocr.pdf#21,A,4,372,2023年下半年,21,A,1,0.99,same,False
343,343,ISPM:objective:2023年下半年考试试题（第2批）【有答案版】_ocr.pdf#22,A,4,373,2023年下半年,22,A,1,0.99,same,False
344,344,ISPM:objective:2023年下半年考试试题（第2批）【有答案版】_ocr.pdf#23,B,4,374,2023年下半年,23,B,1,0.99,same,False
345,345,ISPM:objective:2023年下半年考试试题（第2批）【有答案版】_ocr.pdf#24,C,4,375,2023年下半年,24,C,1,0.99,same,False
346,346,ISPM:objective:2023年下半年考试试题（第2批）【有答案版】_ocr.pdf#25,A,4,376,2023年下半年,25,A,2,0.99,same,False
347,347,ISPM:objective:2023年下半年考试试题（第2批）【有答案版】_ocr.pdf#26,A,4,377,2023年下半年,26,A,4,0.99,same,False
348,348,ISPM:objective:2023年下半年考试试题（第2批）【有答案版】_ocr.pdf#27,A,4,378,2023年下半年,27,A,1,0.99,same,False
349,349,ISPM:objective:2023年下半年考试试题（第2批）【有答案版】_ocr.pdf#28,B,4,379,2023年下半年,28,B,1,0.99,same,False
350,350,ISPM:objective:2023年下半年考试试题（第2批）【有答案版】_ocr.pdf#29,A,4,380,2023年下半年,29,A,4,0.99,same,False
351,351,ISPM:objective:2023年下半年考试试题（第2批）【有答案版】_ocr.pdf#30,D,4,381,2023年下半年,30,D,1,0.99,same,False
352,352,ISPM:objective:2023年下半年考试试题（第2批）【有答案版】_ocr.pdf#31,D,4,382,2023年下半年,31,D,4,0.99,same,False
353,353,ISPM:objective:2023年下半年考试试题（第2批）【有答案版】_ocr.pdf#32,D,4,383,2023年下半年,32,D,4,0.99,same,False
354,354,ISPM:objective:2023年下半年考试试题（第2批）【有答案版】_ocr.pdf#33,C,4,384,2023年下半年,33,C,4,0.99,same,False
355,355,ISPM:objective:2023年下半年考试试题（第2批）【有答案版】_ocr.pdf#34,D,4,385,2023年下半年,34,D,1,0.99,same,False
356,356,ISPM:objective:2023年下半年考试试题（第2批）【有答案版】_ocr.pdf#35,B,4,386,2023年下半年,35,B,1,0.99,same,False
357,357,ISPM:objective:2023年下半年考试试题（第2批）【有答案版】_ocr.pdf#36,C,4,387,2023年下半年,36,C,4,0.99,same,False
358,358,ISPM:objective:2023年下半年考试试题（第2批）【有答案版】_ocr.pdf#37,B,4,388,2023年下半年,37,B,2,0.99,same,False
359,359,ISPM:objective:2023年下半年考试试题（第2批）【有答案版】_ocr.pdf#38,B,4,426,2023年下半年,38,B,1,0.99,same,False
360,360,ISPM:objective:2023年下半年考试试题（第2批）【有答案版】_ocr.pdf#39,D,4,427,2023年下半年,39,D,1,0.99,same,False
361,361,ISPM:objective:2023年下半年考试试题（第2批）【有答案版】_ocr.pdf#40,D,4,428,2023年下半年,40,D,2,0.99,same,False
362,362,ISPM:objective:2023年下半年考试试题（第2批）【有答案版】_ocr.pdf#41,A,4,429,2023年下半年,41,A,1,0.99,same,False
363,363,ISPM:objective:2023年下半年考试试题（第2批）【有答案版】_ocr.pdf#42,B,4,430,2023年下半年,42,B,3,0.99,same,False
364,364,ISPM:objective:2023年下半年考试试题（第2批）【有答案版】_ocr.pdf#43,B,4,431,2023年下半年,43,B,1,0.99,same,False
365,365,ISPM:objective:2023年下半年考试试题（第2批）【有答案版】_ocr.pdf#44,D,4,432,2023年下半年,44,D,4,0.99,same,False
366,366,ISPM:objective:2023年下半年考试试题（第2批）【有答案版】_ocr.pdf#45,C,4,433,2023年下半年,45,C,1,0.99,same,False
367,367,ISPM:objective:2023年下半年考试试题（第2批）【有答案版】_ocr.pdf#46,D,4,434,2023年下半年,46,D,4,0.99,same,False
368,368,ISPM:objective:2023年下半年考试试题（第2批）【有答案版】_ocr.pdf#47,D,4,435,2023年下半年,47,D,1,0.99,same,False
369,369,ISPM:objective:2023年下半年考试试题（第2批）【有答案版】_ocr.pdf#48,D,4,436,2023年下半年,48,D,1,0.99,same,False
370,370,ISPM:objective:2023年下半年考试试题（第2批）【有答案版】_ocr.pdf#49,A,4,437,2023年下半年,49,A,1,0.99,same,False
371,371,ISPM:objective:2023年下半年考试试题（第2批）【有答案版】_ocr.pdf#50,A,4,438,2023年下半年,50,A,1,0.99,same,False
372,372,ISPM:objective:2023年下半年考试试题（第2批）【有答案版】_ocr.pdf#51,A,4,439,2023年下半年,51,A,1,0.99,same,False
373,373,ISPM:objective:2023年下半年考试试题（第2批）【有答案版】_ocr.pdf#52,B,4,440,2023年下半年,52,B,1,0.99,same,False
374,374,ISPM:objective:2023年下半年考试试题（第2批）【有答案版】_ocr.pdf#53,D,4,441,2023年下半年,53,D,4,0.99,same,False
375,375,ISPM:objective:2023年下半年考试试题（第2批）【有答案版】_ocr.pdf#54,D,4,442,2023年下半年,54,D,4,0.99,same,False
376,376,ISPM:objective:2023年下半年考试试题（第2批）【有答案版】_ocr.pdf#55,A,4,443,2023年下半年,55,A,2,0.99,same,False
377,377,ISPM:objective:2023年下半年考试试题（第2批）【有答案版】_ocr.pdf#56,D,4,444,2023年下半年,56,D,1,0.99,same,False
378,378,ISPM:objective:2023年下半年考试试题（第2批）【有答案版】_ocr.pdf#57,A,4,445,2023年下半年,57,A,1,0.99,same,False
379,379,ISPM:objective:2023年下半年考试试题（第2批）【有答案版】_ocr.pdf#58,B,4,446,2023年下半年,58,B,4,0.99,same,False
380,380,ISPM:objective:2023年下半年考试试题（第2批）【有答案版】_ocr.pdf#59,D,4,447,2023年下半年,59,D,4,0.99,same,False
381,381,ISPM:objective:2023年下半年考试试题（第2批）【有答案版】_ocr.pdf#60,B,4,448,2023年下半年,60,B,1,0.99,same,False
382,382,ISPM:objective:2023年下半年考试试题（第2批）【有答案版】_ocr.pdf#61,D,4,449,2023年下半年,61,D,1,0.99,same,False
383,383,ISPM:objective:2023年下半年考试试题（第2批）【有答案版】_ocr.pdf#62,D,4,450,2023年下半年,62,D,1,0.99,same,False
384,384,ISPM:objective:2023年下半年考试试题（第2批）【有答案版】_ocr.pdf#63,A,4,452,2023年下半年,64,A,1,0.99,same,False
385,385,ISPM:objective:2023年下半年考试试题（第2批）【有答案版】_ocr.pdf#64,D,4,453,2023年下半年,65,D,1,0.99,same,False
386,386,ISPM:objective:2023年下半年考试试题（第2批）【有答案版】_ocr.pdf#65,D,4,454,2023年下半年,66,D,1,0.99,same,False
387,387,ISPM:objective:2023年下半年考试试题（第3批）【有答案版】_ocr.pdf#1,A,4,352,2023年下半年,1,A,1,0.99,same,False
388,388,ISPM:objective:2023年下半年考试试题（第3批）【有答案版】_ocr.pdf#2,D,4,353,2023年下半年,2,D,1,0.99,same,False
389,389,ISPM:objective:2023年下半年考试试题（第3批）【有答案版】_ocr.pdf#3,D,4,354,2023年下半年,3,D,1,0.99,same,False
390,390,ISPM:objective:2023年下半年考试试题（第3批）【有答案版】_ocr.pdf#4,A,4,355,2023年下半年,4,A,1,0.99,same,False
391,391,ISPM:objective:2023年下半年考试试题（第3批）【有答案版】_ocr.pdf#5,D,4,356,2023年下半年,5,D,4,0.99,same,False
392,392,ISPM:objective:2023年下半年考试试题（第3批）【有答案版】_ocr.pdf#6,D,4,357,2023年下半年,6,D,4,0.99,same,False
393,393,ISPM:objective:2023年下半年考试试题（第3批）【有答案版】_ocr.pdf#7,C,4,358,2023年下半年,7,C,1,0.99,same,False
394,394,ISPM:objective:2023年下半年考试试题（第3批）【有答案版】_ocr.pdf#8,A,4,360,2023年下半年,9,A,1,0.99,same,False
395,395,ISPM:objective:2023年下半年考试试题（第3批）【有答案版】_ocr.pdf#9,D,4,361,2023年下半年,10,D,1,0.99,same,False
396,396,ISPM:objective:2023年下半年考试试题（第3批）【有答案版】_ocr.pdf#10,A,4,362,2023年下半年,11,A,1,0.99,same,False
397,397,ISPM:objective:2023年下半年考试试题（第3批）【有答案版】_ocr.pdf#11,A,4,363,2023年下半年,12,A,1,0.99,same,False
398,398,ISPM:objective:2023年下半年考试试题（第3批）【有答案版】_ocr.pdf#12,A,4,364,2023年下半年,13,A,4,0.99,same,False
399,399,ISPM:objective:2023年下半年考试试题（第3批）【有答案版】_ocr.pdf#13,D,5,365,2023年下半年,14,D,4,0.99,same,False
400,400,ISPM:objective:2023年下半年考试试题（第3批）【有答案版】_ocr.pdf#14,D,4,366,2023年下半年,15,D,1,0.99,same,False
401,401,ISPM:objective:2023年下半年考试试题（第3批）【有答案版】_ocr.pdf#15,B,4,367,2023年下半年,16,B,4,0.99,same,False
402,402,ISPM:objective:2023年下半年考试试题（第3批）【有答案版】_ocr.pdf#16,D,4,368,2023年下半年,17,D,1,0.99,same,False
403,403,ISPM:objective:2023年下半年考试试题（第3批）【有答案版】_ocr.pdf#17,C,4,369,2023年下半年,18,C,4,0.99,same,False
404,404,ISPM:objective:2023年下半年考试试题（第3批）【有答案版】_ocr.pdf#18,D,4,370,2023年下半年,19,D,1,0.99,same,False
405,405,ISPM:objective:2023年下半年考试试题（第3批）【有答案版】_ocr.pdf#19,D,4,371,2023年下半年,20,D,4,0.99,same,False
406,406,ISPM:objective:2023年下半年考试试题（第3批）【有答案版】_ocr.pdf#20,A,4,372,2023年下半年,21,A,1,0.99,same,False
407,407,ISPM:objective:2023年下半年考试试题（第3批）【有答案版】_ocr.pdf#21,A,4,373,2023年下半年,22,A,1,0.99,same,False
408,408,ISPM:objective:2023年下半年考试试题（第3批）【有答案版】_ocr.pdf#22,B,4,374,2023年下半年,23,B,1,0.99,same,False
409,409,ISPM:objective:2023年下半年考试试题（第3批）【有答案版】_ocr.pdf#23,C,4,375,2023年下半年,24,C,1,0.99,same,False
410,410,ISPM:objective:2023年下半年考试试题（第3批）【有答案版】_ocr.pdf#24,A,4,376,2023年下半年,25,A,2,0.99,same,False
411,411,ISPM:objective:2023年下半年考试试题（第3批）【有答案版】_ocr.pdf#25,A,4,377,2023年下半年,26,A,4,0.99,same,False
412,412,ISPM:objective:2023年下半年考试试题（第3批）【有答案版】_ocr.pdf#26,A,4,378,2023年下半年,27,A,1,0.99,same,False
413,413,ISPM:objective:2023年下半年考试试题（第3批）【有答案版】_ocr.pdf#27,B,4,379,2023年下半年,28,B,1,0.99,same,False
414,414,ISPM:objective:2023年下半年考试试题（第3批）【有答案版】_ocr.pdf#28,A,4,380,2023年下半年,29,A,4,0.99,same,False
415,415,ISPM:objective:2023年下半年考试试题（第3批）【有答案版】_ocr.pdf#29,D,4,381,2023年下半年,30,D,1,0.99,same,False
416,416,ISPM:objective:2023年下半年考试试题（第4批）【有答案版】_ocr.pdf#1,A,4,352,2023年下半年,1,A,1,0.99,same,False
417,417,ISPM:objective:2023年下半年考试试题（第4批）【有答案版】_ocr.pdf#2,D,4,353,2023年下半年,2,D,1,0.99,same,False
418,418,ISPM:objective:2023年下半年考试试题（第4批）【有答案版】_ocr.pdf#3,D,4,354,2023年下半年,3,D,1,0.99,same,False
419,419,ISPM:objective:2023年下半年考试试题（第4批）【有答案版】_ocr.pdf#4,A,4,355,2023年下半年,4,A,1,0.99,same,False
420,420,ISPM:objective:2023年下半年考试试题（第4批）【有答案版】_ocr.pdf#5,D,4,356,2023年下半年,5,D,4,0.99,same,False
421,421,ISPM:objective:2023年下半年考试试题（第4批）【有答案版】_ocr.pdf#6,D,4,357,2023年下半年,6,D,4,0.99,same,False
422,422,ISPM:objective:2023年下半年考试试题（第4批）【有答案版】_ocr.pdf#7,C,4,358,2023年下半年,7,C,1,0.99,same,False
423,423,ISPM:objective:2023年下半年考试试题（第4批）【有答案版】_ocr.pdf#8,A,4,360,2023年下半年,9,A,1,0.99,same,False
424,424,ISPM:objective:2023年下半年考试试题（第4批）【有答案版】_ocr.pdf#9,D,4,361,2023年下半年,10,D,1,0.99,same,False
425,425,ISPM:objective:2023年下半年考试试题（第4批）【有答案版】_ocr.pdf#10,A,4,362,2023年下半年,11,A,1,0.99,same,False
426,426,ISPM:objective:2023年下半年考试试题（第4批）【有答案版】_ocr.pdf#11,A,4,363,2023年下半年,12,A,1,0.99,same,False
427,427,ISPM:objective:2023年下半年考试试题（第4批）【有答案版】_ocr.pdf#12,A,4,364,2023年下半年,13,A,4,0.99,same,False
428,428,ISPM:objective:2023年下半年考试试题（第4批）【有答案版】_ocr.pdf#13,D,4,365,2023年下半年,14,D,4,0.99,same,False
429,429,ISPM:objective:2023年下半年考试试题（第4批）【有答案版】_ocr.pdf#14,D,4,366,2023年下半年,15,D,1,0.99,same,False
430,430,ISPM:objective:2023年下半年考试试题（第4批）【有答案版】_ocr.pdf#15,B,4,367,2023年下半年,16,B,4,0.99,same,False
431,431,ISPM:objective:2023年下半年考试试题（第4批）【有答案版】_ocr.pdf#16,D,4,368,2023年下半年,17,D,1,0.99,same,False
432,432,ISPM:objective:2023年下半年考试试题（第4批）【有答案版】_ocr.pdf#17,C,4,369,2023年下半年,18,C,4,0.99,same,False
433,433,ISPM:objective:2023年下半年考试试题（第4批）【有答案版】_ocr.pdf#18,D,4,370,2023年下半年,19,D,1,0.99,same,False
434,434,ISPM:objective:2023年下半年考试试题（第4批）【有答案版】_ocr.pdf#19,D,4,371,2023年下半年,20,D,4,0.99,same,False
435,435,ISPM:objective:2023年下半年考试试题（第4批）【有答案版】_ocr.pdf#20,A,4,372,2023年下半年,21,A,1,0.99,same,False
436,436,ISPM:objective:2023年下半年考试试题（第4批）【有答案版】_ocr.pdf#21,A,4,373,2023年下半年,22,A,1,0.99,same,False
437,437,ISPM:objective:2023年下半年考试试题（第4批）【有答案版】_ocr.pdf#22,B,4,374,2023年下半年,23,B,1,0.99,same,False
438,438,ISPM:objective:2023年下半年考试试题（第4批）【有答案版】_ocr.pdf#23,C,4,375,2023年下半年,24,C,1,0.99,same,False
439,439,ISPM:objective:2023年下半年考试试题（第4批）【有答案版】_ocr.pdf#24,A,4,376,2023年下半年,25,A,2,0.99,same,False
440,440,ISPM:objective:2023年下半年考试试题（第4批）【有答案版】_ocr.pdf#25,A,4,377,2023年下半年,26,A,4,0.99,same,False
441,441,ISPM:objective:2023年下半年考试试题（第4批）【有答案版】_ocr.pdf#26,A,4,378,2023年下半年,27,A,1,0.99,same,False
442,442,ISPM:objective:2023年下半年考试试题（第4批）【有答案版】_ocr.pdf#27,B,4,379,2023年下半年,28,B,1,0.99,same,False
443,443,ISPM:objective:2023年下半年考试试题（第4批）【有答案版】_ocr.pdf#28,A,4,380,2023年下半年,29,A,4,0.99,same,False
444,444,ISPM:objective:2023年下半年考试试题（第4批）【有答案版】_ocr.pdf#29,D,4,381,2023年下半年,30,D,1,0.99,same,False
445,445,ISPM:objective:2023年下半年考试试题（第4批）【有答案版】_ocr.pdf#30,D,4,382,2023年下半年,31,D,4,0.99,same,False
446,446,ISPM:objective:2023年下半年考试试题（第4批）【有答案版】_ocr.pdf#31,D,4,383,2023年下半年,32,D,4,0.99,same,False
447,447,ISPM:objective:2023年下半年考试试题（第4批）【有答案版】_ocr.pdf#32,C,4,384,2023年下半年,33,C,4,0.99,same,False
448,448,ISPM:objective:2023年下半年考试试题（第4批）【有答案版】_ocr.pdf#33,D,4,385,2023年下半年,34,D,1,0.99,same,False
449,449,ISPM:objective:2023年下半年考试试题（第4批）【有答案版】_ocr.pdf#34,B,4,386,2023年下半年,35,B,1,0.99,same,False
450,450,ISPM:objective:2023年下半年考试试题（第4批）【有答案版】_ocr.pdf#35,C,4,387,2023年下半年,36,C,4,0.99,same,False
451,451,ISPM:objective:2023年下半年考试试题（第4批）【有答案版】_ocr.pdf#36,B,4,388,2023年下半年,37,B,2,0.99,same,False
452,452,ISPM:objective:2023年下半年考试试题（第4批）【有答案版】_ocr.pdf#37,B,4,426,2023年下半年,38,B,1,0.99,same,False
453,453,ISPM:objective:2023年下半年考试试题（第4批）【有答案版】_ocr.pdf#38,D,4,427,2023年下半年,39,D,1,0.99,same,False
454,454,ISPM:objective:2023年下半年考试试题（第4批）【有答案版】_ocr.pdf#39,D,4,428,2023年下半年,40,D,2,0.99,same,False
455,455,ISPM:objective:2023年下半年考试试题（第4批）【有答案版】_ocr.pdf#40,A,4,429,2023年下半年,41,A,1,0.99,same,False
456,456,ISPM:objective:2023年下半年考试试题（第4批）【有答案版】_ocr.pdf#41,B,4,430,2023年下半年,42,B,3,0.99,same,False
457,457,ISPM:objective:2023年下半年考试试题（第4批）【有答案版】_ocr.pdf#42,B,4,431,2023年下半年,43,B,1,0.99,same,False
458,458,ISPM:objective:2023年下半年考试试题（第4批）【有答案版】_ocr.pdf#43,D,4,432,2023年下半年,44,D,4,0.99,same,False
459,459,ISPM:objective:2023年下半年考试试题（第4批）【有答案版】_ocr.pdf#44,C,4,433,2023年下半年,45,C,1,0.99,same,False
460,460,ISPM:objective:2023年下半年考试试题（第4批）【有答案版】_ocr.pdf#45,D,4,434,2023年下半年,46,D,4,0.99,same,False
461,461,ISPM:objective:2023年下半年考试试题（第4批）【有答案版】_ocr.pdf#46,D,4,435,2023年下半年,47,D,1,0.99,same,False
462,462,ISPM:objective:2024年上半年考试试题（第1批）【有答案版】_ocr.pdf#1,D,4,530,2024年上半年,1,D,1,0.99,same,False
463,463,ISPM:objective:2024年上半年考试试题（第1批）【有答案版】_ocr.pdf#2,C,4,531,2024年上半年,2,C,4,0.99,same,False
464,464,ISPM:objective:2024年上半年考试试题（第1批）【有答案版】_ocr.pdf#3,A,4,532,2024年上半年,3,A,4,0.99,same,False
465,465,ISPM:objective:2024年上半年考试试题（第1批）【有答案版】_ocr.pdf#4,B,4,533,2024年上半年,4,B,4,0.99,same,False
466,466,ISPM:objective:2024年上半年考试试题（第1批）【有答案版】_ocr.pdf#5,D,4,534,2024年上半年,5,D,4,0.99,same,False
467,467,ISPM:objective:2024年上半年考试试题（第1批）【有答案版】_ocr.pdf#6,D,4,535,2024年上半年,6,D,2,0.99,same,False
468,468,ISPM:objective:2024年上半年考试试题（第1批）【有答案版】_ocr.pdf#7,C,4,536,2024年上半年,7,C,4,0.99,same,False
469,469,ISPM:objective:2024年上半年考试试题（第1批）【有答案版】_ocr.pdf#8,D,4,538,2024年上半年,9,D,1,0.99,same,False
470,470,ISPM:objective:2024年上半年考试试题（第1批）【有答案版】_ocr.pdf#9,D,4,539,2024年上半年,10,D,4,0.99,same,False
471,471,ISPM:objective:2024年上半年考试试题（第1批）【有答案版】_ocr.pdf#10,C,4,540,2024年上半年,11,C,1,0.99,same,False
472,472,ISPM:objective:2024年上半年考试试题（第1批）【有答案版】_ocr.pdf#11,B,4,541,2024年上半年,12,B,4,0.99,same,False
473,473,ISPM:objective:2024年上半年考试试题（第1批）【有答案版】_ocr.pdf#12,C,4,542,2024年上半年,13,C,1,0.99,same,False
474,474,ISPM:objective:2024年上半年考试试题（第1批）【有答案版】_ocr.pdf#13,B,4,543,2024年上半年,14,B,4,0.99,same,False
475,475,ISPM:objective:2024年上半年考试试题（第1批）【有答案版】_ocr.pdf#14,C,4,544,2024年上半年,15,C,4,0.99,same,False
476,476,ISPM:objective:2024年上半年考试试题（第1批）【有答案版】_ocr.pdf#15,A,4,545,2024年上半年,16,A,2,0.99,same,False
477,477,ISPM:objective:2024年上半年考试试题（第1批）【有答案版】_ocr.pdf#16,C,4,546,2024年上半年,17,C,6,0.99,same,False
478,478,ISPM:objective:2024年上半年考试试题（第1批）【有答案版】_ocr.pdf#17,C,4,547,2024年上半年,18,C,1,0.99,same,False
479,479,ISPM:objective:2024年上半年考试试题（第1批）【有答案版】_ocr.pdf#18,A,4,548,2024年上半年,19,A,1,0.99,same,False
480,480,ISPM:objective:2024年上半年考试试题（第1批）【有答案版】_ocr.pdf#19,D,4,549,2024年上半年,20,D,1,0.99,same,False
481,481,ISPM:objective:2024年上半年考试试题（第1批）【有答案版】_ocr.pdf#20,A,4,550,2024年上半年,21,A,4,0.99,same,False
482,482,ISPM:objective:2024年上半年考试试题（第1批）【有答案版】_ocr.pdf#21,C,4,551,2024年上半年,22,C,1,0.99,same,False
483,483,ISPM:objective:2024年上半年考试试题（第1批）【有答案版】_ocr.pdf#22,B,4,552,2024年上半年,23,B,1,0.99,same,False
484,484,ISPM:objective:2024年上半年考试试题（第1批）【有答案版】_ocr.pdf#23,C,4,553,2024年上半年,24,C,1,0.99,same,False
485,485,ISPM:objective:2024年上半年考试试题（第1批）【有答案版】_ocr.pdf#24,A,4,554,2024年上半年,25,A,4,0.99,same,False
486,486,ISPM:objective:2024年上半年考试试题（第1批）【有答案版】_ocr.pdf#25,B,4,555,2024年上半年,26,B,1,0.99,same,False
487,487,ISPM:objective:2024年上半年考试试题（第1批）【有答案版】_ocr.pdf#26,A,4,556,2024年上半年,27,A,4,0.99,same,False
488,488,ISPM:objective:2024年上半年考试试题（第1批）【有答案版】_ocr.pdf#27,B,4,557,2024年上半年,28,B,4,0.99,same,False
489,489,ISPM:objective:2024年上半年考试试题（第1批）【有答案版】_ocr.pdf#28,A,4,558,2024年上半年,29,A,4,0.99,same,False
490,490,ISPM:objective:2024年上半年考试试题（第1批）【有答案版】_ocr.pdf#29,D,4,559,2024年上半年,30,D,1,0.99,same,False
491,491,ISPM:objective:2024年上半年考试试题（第1批）【有答案版】_ocr.pdf#30,B,4,560,2024年上半年,31,B,1,0.99,same,False
492,492,ISPM:objective:2024年上半年考试试题（第1批）【有答案版】_ocr.pdf#31,C,4,561,2024年上半年,32,C,4,0.99,same,False
493,493,ISPM:objective:2024年上半年考试试题（第1批）【有答案版】_ocr.pdf#32,D,4,562,2024年上半年,33,D,1,0.99,same,False
494,494,ISPM:objective:2024年上半年考试试题（第1批）【有答案版】_ocr.pdf#33,B,4,563,2024年上半年,34,B,2,0.99,same,False
495,495,ISPM:objective:2024年上半年考试试题（第1批）【有答案版】_ocr.pdf#34,A,4,564,2024年上半年,35,A,4,0.99,same,False
496,496,ISPM:objective:2024年上半年考试试题（第1批）【有答案版】_ocr.pdf#35,B,4,565,2024年上半年,36,B,4,0.99,same,False
497,497,ISPM:objective:2024年上半年考试试题（第1批）【有答案版】_ocr.pdf#36,C,4,566,2024年上半年,37,C,1,0.99,same,False
498,498,ISPM:objective:2024年上半年考试试题（第1批）【有答案版】_ocr.pdf#37,A,4,567,2024年上半年,38,A,4,0.99,same,False
499,499,ISPM:objective:2024年上半年考试试题（第1批）【有答案版】_ocr.pdf#38,B,4,568,2024年上半年,39,B,1,0.99,same,False
500,500,ISPM:objective:2024年上半年考试试题（第1批）【有答案版】_ocr.pdf#39,C,4,569,2024年上半年,40,C,1,0.99,same,False
501,501,ISPM:objective:2024年上半年考试试题（第1批）【有答案版】_ocr.pdf#40,A,4,570,2024年上半年,41,A,1,0.99,same,False
502,502,ISPM:objective:2024年上半年考试试题（第1批）【有答案版】_ocr.pdf#41,D,4,571,2024年上半年,42,D,1,0.99,same,False
503,503,ISPM:objective:2024年上半年考试试题（第1批）【有答案版】_ocr.pdf#42,B,4,572,2024年上半年,43,B,4,0.99,same,False
504,504,ISPM:objective:2024年上半年考试试题（第1批）【有答案版】_ocr.pdf#43,C,4,573,2024年上半年,44,C,1,0.99,same,False
505,505,ISPM:objective:2024年上半年考试试题（第1批）【有答案版】_ocr.pdf#44,C,4,574,2024年上半年,45,C,4,0.99,same,False
506,506,ISPM:objective:2024年上半年考试试题（第1批）【有答案版】_ocr.pdf#45,A,4,575,2024年上半年,46,A,1,0.99,same,False
507,507,ISPM:objective:2024年上半年考试试题（第1批）【有答案版】_ocr.pdf#46,C,4,574,2024年上半年,45,C,4,0.99,same,False
508,508,ISPM:objective:2024年上半年考试试题（第1批）【有答案版】_ocr.pdf#47,B,4,577,2024年上半年,48,B,4,0.99,same,False
509,509,ISPM:objective:2024年上半年考试试题（第1批）【有答案版】_ocr.pdf#48,C,4,578,2024年上半年,49,C,1,0.99,same,False
510,510,ISPM:objective:2024年上半年考试试题（第1批）【有答案版】_ocr.pdf#49,B,4,579,2024年上半年,50,B,4,0.99,same,False
511,511,ISPM:objective:2024年上半年考试试题（第1批）【有答案版】_ocr.pdf#50,D,4,580,2024年上半年,51,D,4,0.288,same,True
512,512,ISPM:objective:2024年上半年考试试题（第1批）【有答案版】_ocr.pdf#51,A,4,581,2024年上半年,52,A,1,0.99,same,False
513,513,ISPM:objective:2024年上半年考试试题（第1批）【有答案版】_ocr.pdf#52,C,4,582,2024年上半年,53,C,1,0.99,same,False
514,514,ISPM:objective:2024年上半年考试试题（第1批）【有答案版】_ocr.pdf#53,B,4,583,2024年上半年,54,B,4,0.99,same,False
515,515,ISPM:objective:2024年上半年考试试题（第1批）【有答案版】_ocr.pdf#54,B,4,584,2024年上半年,55,B,1,0.99,same,False
516,516,ISPM:objective:2024年上半年考试试题（第1批）【有答案版】_ocr.pdf#55,C,4,585,2024年上半年,56,C,4,0.99,same,False
517,517,ISPM:objective:2024年上半年考试试题（第1批）【有答案版】_ocr.pdf#56,D,4,586,2024年上半年,57,D,5,0.99,same,False
518,518,ISPM:objective:2024年上半年考试试题（第1批）【有答案版】_ocr.pdf#57,B,4,587,2024年上半年,58,B,1,0.99,same,False
519,519,ISPM:objective:2024年上半年考试试题（第1批）【有答案版】_ocr.pdf#58,C,4,588,2024年上半年,59,C,1,0.99,same,False
520,520,ISPM:objective:2024年上半年考试试题（第1批）【有答案版】_ocr.pdf#59,D,4,589,2024年上半年,60,D,1,0.99,same,False
521,521,ISPM:objective:2024年上半年考试试题（第1批）【有答案版】_ocr.pdf#60,B,4,590,2024年上半年,61,B,5,0.99,same,False
522,522,ISPM:objective:2024年上半年考试试题（第1批）【有答案版】_ocr.pdf#61,C,4,591,2024年上半年,62,C,4,0.99,same,False
523,523,ISPM:objective:2024年上半年考试试题（第1批）【有答案版】_ocr.pdf#62,A,4,592,2024年上半年,63,A,4,0.99,same,False
524,524,ISPM:objective:2024年上半年考试试题（第1批）【有答案版】_ocr.pdf#63,A,4,593,2024年上半年,64,A,3,0.99,same,False
525,525,ISPM:objective:2024年上半年考试试题（第1批）【有答案版】_ocr.pdf#64,C,4,594,2024年上半年,65,C,4,0.99,same,False
526,526,ISPM:objective:2024年上半年考试试题（第1批）【有答案版】_ocr.pdf#65,A,4,595,2024年上半年,66,A,4,0.99,same,False
527,527,ISPM:objective:2024年上半年考试试题（第1批）【有答案版】_ocr.pdf#66,C,4,596,2024年上半年,67,C,1,0.99,same,False
528,528,ISPM:objective:2024年上半年考试试题（第1批）【有答案版】_ocr.pdf#67,B,4,597,2024年上半年,68,B,1,0.99,same,False
529,529,ISPM:objective:2024年上半年考试试题（第1批）【有答案版】_ocr.pdf#68,A,4,598,2024年上半年,69,A,2,0.99,same,False
530,530,ISPM:objective:2024年上半年考试试题（第1批）【有答案版】_ocr.pdf#69,A,4,599,2024年上半年,70,A,1,0.99,same,False
531,531,ISPM:objective:2024年上半年考试试题（第1批）【有答案版】_ocr.pdf#70,B,4,620,2024年上半年,16,C,1,0.2838,mismatch,True
532,532,ISPM:objective:2024年上半年考试试题（第1批）【有答案版】_ocr.pdf#71,B,4,601,2024年上半年,72,B,4,0.99,same,False
533,533,ISPM:objective:2024年上半年考试试题（第1批）【有答案版】_ocr.pdf#72,B,4,602,2024年上半年,73,B,1,0.99,same,False
534,534,ISPM:objective:2024年上半年考试试题（第1批）【有答案版】_ocr.pdf#73,D,4,603,2024年上半年,74,D,1,0.99,same,False
535,535,ISPM:objective:2024年上半年考试试题（第1批）【有答案版】_ocr.pdf#74,A,4,604,2024年上半年,75,A,2,0.99,same,False
536,536,ISPM:objective:2024年上半年考试试题（第2批）【有答案版】_ocr.pdf#1,D,4,530,2024年上半年,1,D,1,0.99,same,False
537,537,ISPM:objective:2024年上半年考试试题（第2批）【有答案版】_ocr.pdf#2,C,4,531,2024年上半年,2,C,4,0.99,same,False
538,538,ISPM:objective:2024年上半年考试试题（第2批）【有答案版】_ocr.pdf#3,A,4,532,2024年上半年,3,A,4,0.99,same,False
539,539,ISPM:objective:2024年上半年考试试题（第2批）【有答案版】_ocr.pdf#4,B,4,533,2024年上半年,4,B,4,0.99,same,False
540,540,ISPM:objective:2024年上半年考试试题（第2批）【有答案版】_ocr.pdf#5,D,4,534,2024年上半年,5,D,4,0.99,same,False
541,541,ISPM:objective:2024年上半年考试试题（第2批）【有答案版】_ocr.pdf#6,D,4,535,2024年上半年,6,D,2,0.99,same,False
542,542,ISPM:objective:2024年上半年考试试题（第2批）【有答案版】_ocr.pdf#7,C,4,536,2024年上半年,7,C,4,0.99,same,False
543,543,ISPM:objective:2024年上半年考试试题（第2批）【有答案版】_ocr.pdf#8,B,4,537,2024年上半年,8,B,1,0.99,same,False
544,544,ISPM:objective:2024年上半年考试试题（第2批）【有答案版】_ocr.pdf#9,D,4,538,2024年上半年,9,D,1,0.99,same,False
545,545,ISPM:objective:2024年上半年考试试题（第2批）【有答案版】_ocr.pdf#10,D,4,539,2024年上半年,10,D,4,0.99,same,False
546,546,ISPM:objective:2024年上半年考试试题（第2批）【有答案版】_ocr.pdf#11,C,4,540,2024年上半年,11,C,1,0.99,same,False
547,547,ISPM:objective:2024年上半年考试试题（第2批）【有答案版】_ocr.pdf#12,B,4,541,2024年上半年,12,B,4,0.99,same,False
548,548,ISPM:objective:2024年上半年考试试题（第2批）【有答案版】_ocr.pdf#13,C,4,542,2024年上半年,13,C,1,0.99,same,False
549,549,ISPM:objective:2024年上半年考试试题（第2批）【有答案版】_ocr.pdf#14,B,4,543,2024年上半年,14,B,4,0.99,same,False
550,550,ISPM:objective:2024年上半年考试试题（第2批）【有答案版】_ocr.pdf#15,C,4,544,2024年上半年,15,C,4,0.99,same,False
551,551,ISPM:objective:2024年上半年考试试题（第2批）【有答案版】_ocr.pdf#16,A,4,545,2024年上半年,16,A,2,0.99,same,False
552,552,ISPM:objective:2024年上半年考试试题（第2批）【有答案版】_ocr.pdf#17,C,4,546,2024年上半年,17,C,6,0.99,same,False
553,553,ISPM:objective:2024年上半年考试试题（第2批）【有答案版】_ocr.pdf#18,C,4,547,2024年上半年,18,C,1,0.99,same,False
554,554,ISPM:objective:2024年上半年考试试题（第2批）【有答案版】_ocr.pdf#19,A,4,548,2024年上半年,19,A,1,0.99,same,False
555,555,ISPM:objective:2024年上半年考试试题（第2批）【有答案版】_ocr.pdf#20,D,4,549,2024年上半年,20,D,1,0.99,same,False
556,556,ISPM:objective:2024年上半年考试试题（第2批）【有答案版】_ocr.pdf#21,A,4,550,2024年上半年,21,A,4,0.99,same,False
557,557,ISPM:objective:2024年上半年考试试题（第2批）【有答案版】_ocr.pdf#22,C,4,551,2024年上半年,22,C,1,0.99,same,False
558,558,ISPM:objective:2024年上半年考试试题（第2批）【有答案版】_ocr.pdf#23,B,4,552,2024年上半年,23,B,1,0.99,same,False
559,559,ISPM:objective:2024年上半年考试试题（第2批）【有答案版】_ocr.pdf#24,C,4,553,2024年上半年,24,C,1,0.99,same,False
560,560,ISPM:objective:2024年上半年考试试题（第2批）【有答案版】_ocr.pdf#25,A,4,554,2024年上半年,25,A,4,0.99,same,False
561,561,ISPM:objective:2024年上半年考试试题（第2批）【有答案版】_ocr.pdf#26,B,4,555,2024年上半年,26,B,1,0.99,same,False
562,562,ISPM:objective:2024年上半年考试试题（第2批）【有答案版】_ocr.pdf#27,A,4,556,2024年上半年,27,A,4,0.99,same,False
563,563,ISPM:objective:2024年上半年考试试题（第2批）【有答案版】_ocr.pdf#28,B,4,557,2024年上半年,28,B,4,0.99,same,False
564,564,ISPM:objective:2024年上半年考试试题（第2批）【有答案版】_ocr.pdf#29,A,4,558,2024年上半年,29,A,4,0.99,same,False
565,565,ISPM:objective:2024年上半年考试试题（第2批）【有答案版】_ocr.pdf#30,D,4,559,2024年上半年,30,D,1,0.99,same,False
566,566,ISPM:objective:2024年上半年考试试题（第2批）【有答案版】_ocr.pdf#31,B,4,560,2024年上半年,31,B,1,0.99,same,False
567,567,ISPM:objective:2024年上半年考试试题（第2批）【有答案版】_ocr.pdf#32,C,4,561,2024年上半年,32,C,4,0.99,same,False
568,568,ISPM:objective:2024年上半年考试试题（第2批）【有答案版】_ocr.pdf#33,D,4,562,2024年上半年,33,D,1,0.99,same,False
569,569,ISPM:objective:2024年上半年考试试题（第2批）【有答案版】_ocr.pdf#34,B,4,563,2024年上半年,34,B,2,0.99,same,False
570,570,ISPM:objective:2024年上半年考试试题（第2批）【有答案版】_ocr.pdf#35,A,4,564,2024年上半年,35,A,4,0.99,same,False
571,571,ISPM:objective:2024年上半年考试试题（第2批）【有答案版】_ocr.pdf#36,B,4,565,2024年上半年,36,B,4,0.99,same,False
572,572,ISPM:objective:2024年上半年考试试题（第2批）【有答案版】_ocr.pdf#37,C,4,566,2024年上半年,37,C,1,0.99,same,False
573,573,ISPM:objective:2024年上半年考试试题（第2批）【有答案版】_ocr.pdf#38,A,4,567,2024年上半年,38,A,4,0.99,same,False
574,574,ISPM:objective:2024年上半年考试试题（第2批）【有答案版】_ocr.pdf#39,B,4,568,2024年上半年,39,B,1,0.99,same,False
575,575,ISPM:objective:2024年上半年考试试题（第2批）【有答案版】_ocr.pdf#40,C,4,569,2024年上半年,40,C,1,0.99,same,False
576,576,ISPM:objective:2024年上半年考试试题（第2批）【有答案版】_ocr.pdf#41,A,4,570,2024年上半年,41,A,1,0.99,same,False
577,577,ISPM:objective:2024年上半年考试试题（第2批）【有答案版】_ocr.pdf#42,D,4,571,2024年上半年,42,D,1,0.99,same,False
578,578,ISPM:objective:2024年上半年考试试题（第2批）【有答案版】_ocr.pdf#43,B,4,572,2024年上半年,43,B,4,0.99,same,False
579,579,ISPM:objective:2024年上半年考试试题（第2批）【有答案版】_ocr.pdf#44,C,4,573,2024年上半年,44,C,1,0.99,same,False
580,580,ISPM:objective:2024年上半年考试试题（第2批）【有答案版】_ocr.pdf#45,C,4,574,2024年上半年,45,C,4,0.99,same,False
581,581,ISPM:objective:2024年上半年考试试题（第2批）【有答案版】_ocr.pdf#46,A,4,575,2024年上半年,46,A,1,0.99,same,False
582,582,ISPM:objective:2024年上半年考试试题（第2批）【有答案版】_ocr.pdf#47,D,4,651,2024年上半年,47,D,4,0.99,same,False
583,583,ISPM:objective:2024年上半年考试试题（第2批）【有答案版】_ocr.pdf#48,B,4,577,2024年上半年,48,B,4,0.99,same,False
584,584,ISPM:objective:2024年上半年考试试题（第2批）【有答案版】_ocr.pdf#49,C,4,578,2024年上半年,49,C,1,0.99,same,False
585,585,ISPM:objective:2024年上半年考试试题（第2批）【有答案版】_ocr.pdf#50,B,4,579,2024年上半年,50,B,4,0.99,same,False
586,586,ISPM:objective:2024年上半年考试试题（第2批）【有答案版】_ocr.pdf#51,D,4,580,2024年上半年,51,D,4,0.99,same,False
587,587,ISPM:objective:2024年上半年考试试题（第2批）【有答案版】_ocr.pdf#52,A,4,581,2024年上半年,52,A,1,0.99,same,False
588,588,ISPM:objective:2024年上半年考试试题（第2批）【有答案版】_ocr.pdf#53,C,4,582,2024年上半年,53,C,1,0.99,same,False
589,589,ISPM:objective:2024年上半年考试试题（第2批）【有答案版】_ocr.pdf#54,B,4,583,2024年上半年,54,B,4,0.99,same,False
590,590,ISPM:objective:2024年上半年考试试题（第2批）【有答案版】_ocr.pdf#55,B,4,584,2024年上半年,55,B,1,0.99,same,False
591,591,ISPM:objective:2024年上半年考试试题（第2批）【有答案版】_ocr.pdf#56,C,4,585,2024年上半年,56,C,4,0.99,same,False
592,592,ISPM:objective:2024年上半年考试试题（第2批）【有答案版】_ocr.pdf#57,D,4,586,2024年上半年,57,D,5,0.99,same,False
593,593,ISPM:objective:2024年上半年考试试题（第2批）【有答案版】_ocr.pdf#58,B,4,587,2024年上半年,58,B,1,0.99,same,False
594,594,ISPM:objective:2024年上半年考试试题（第2批）【有答案版】_ocr.pdf#59,C,4,588,2024年上半年,59,C,1,0.99,same,False
595,595,ISPM:objective:2024年上半年考试试题（第2批）【有答案版】_ocr.pdf#60,D,4,589,2024年上半年,60,D,1,0.99,same,False
596,596,ISPM:objective:2024年上半年考试试题（第2批）【有答案版】_ocr.pdf#61,A,4,608,2024年上半年,4,C,1,0.303,mismatch,True
597,597,ISPM:objective:2024年上半年考试试题（第2批）【有答案版】_ocr.pdf#62,C,4,591,2024年上半年,62,C,4,0.99,same,False
598,598,ISPM:objective:2024年上半年考试试题（第2批）【有答案版】_ocr.pdf#63,A,4,592,2024年上半年,63,A,4,0.99,same,False
599,599,ISPM:objective:2024年上半年考试试题（第2批）【有答案版】_ocr.pdf#64,A,4,593,2024年上半年,64,A,3,0.99,same,False
600,600,ISPM:objective:2024年上半年考试试题（第2批）【有答案版】_ocr.pdf#65,C,4,594,2024年上半年,65,C,4,0.99,same,False
601,601,ISPM:objective:2024年上半年考试试题（第2批）【有答案版】_ocr.pdf#66,A,4,595,2024年上半年,66,A,4,0.99,same,False
602,602,ISPM:objective:2024年上半年考试试题（第2批）【有答案版】_ocr.pdf#67,C,4,596,2024年上半年,67,C,1,0.99,same,False
603,603,ISPM:objective:2024年上半年考试试题（第2批）【有答案版】_ocr.pdf#68,A,4,599,2024年上半年,70,A,1,0.99,same,False
604,604,ISPM:objective:2024年上半年考试试题（第2批）【有答案版】_ocr.pdf#69,B,4,600,2024年上半年,71,B,4,0.99,same,False
605,605,ISPM:objective:2024年上半年考试试题（第2批）【有答案版】_ocr.pdf#70,B,4,601,2024年上半年,72,B,4,0.99,same,False
606,606,ISPM:objective:2024年上半年考试试题（第2批）【有答案版】_ocr.pdf#71,B,4,602,2024年上半年,73,B,1,0.99,same,False
607,607,ISPM:objective:2024年上半年考试试题（第2批）【有答案版】_ocr.pdf#72,D,4,603,2024年上半年,74,D,1,0.99,same,False
608,608,ISPM:objective:2024年上半年考试试题（第2批）【有答案版】_ocr.pdf#73,A,4,604,2024年上半年,75,A,2,0.99,same,False
609,609,ISPM:objective:2025年上半年考试试题（第1批）【有答案版】单独选择题_ocr.pdf#1,B,4,678,2025年上半年,1,B,4,0.99,same,False
610,610,ISPM:objective:2025年上半年考试试题（第1批）【有答案版】单独选择题_ocr.pdf#2,B,4,679,2025年上半年,2,B,1,0.99,same,False
611,611,ISPM:objective:2025年上半年考试试题（第1批）【有答案版】单独选择题_ocr.pdf#3,C,4,680,2025年上半年,3,C,4,0.99,same,False
612,612,ISPM:objective:2025年上半年考试试题（第1批）【有答案版】单独选择题_ocr.pdf#4,B,4,681,2025年上半年,4,B,4,0.99,same,False
613,613,ISPM:objective:2025年上半年考试试题（第1批）【有答案版】单独选择题_ocr.pdf#5,B,4,682,2025年上半年,5,B,2,0.99,same,False
614,614,ISPM:objective:2025年上半年考试试题（第1批）【有答案版】单独选择题_ocr.pdf#6,D,4,683,2025年上半年,6,D,4,0.99,same,False
615,615,ISPM:objective:2025年上半年考试试题（第1批）【有答案版】单独选择题_ocr.pdf#7,A,4,684,2025年上半年,7,A,4,0.99,same,False
616,616,ISPM:objective:2025年上半年考试试题（第1批）【有答案版】单独选择题_ocr.pdf#8,C,4,685,2025年上半年,8,C,1,0.99,same,False
617,617,ISPM:objective:2025年上半年考试试题（第1批）【有答案版】单独选择题_ocr.pdf#9,A,4,686,2025年上半年,9,A,8,0.99,same,False
618,618,ISPM:objective:2025年上半年考试试题（第1批）【有答案版】单独选择题_ocr.pdf#10,A,4,687,2025年上半年,10,A,4,0.99,same,False
619,619,ISPM:objective:2025年上半年考试试题（第1批）【有答案版】单独选择题_ocr.pdf#11,B,4,688,2025年上半年,11,B,4,0.99,same,False
620,620,ISPM:objective:2025年上半年考试试题（第1批）【有答案版】单独选择题_ocr.pdf#12,D,4,689,2025年上半年,12,D,4,0.99,same,False
621,621,ISPM:objective:2025年上半年考试试题（第1批）【有答案版】单独选择题_ocr.pdf#13,D,4,690,2025年上半年,13,D,4,0.99,same,False
622,622,ISPM:objective:2025年上半年考试试题（第1批）【有答案版】单独选择题_ocr.pdf#14,A,4,691,2025年上半年,14,A,1,0.99,same,False
623,623,ISPM:objective:2025年上半年考试试题（第1批）【有答案版】单独选择题_ocr.pdf#15,B,4,692,2025年上半年,15,B,1,0.99,same,False
624,624,ISPM:objective:2025年上半年考试试题（第1批）【有答案版】单独选择题_ocr.pdf#16,B,4,693,2025年上半年,16,B,4,0.99,same,False
625,625,ISPM:objective:2025年上半年考试试题（第1批）【有答案版】单独选择题_ocr.pdf#17,B,4,694,2025年上半年,17,B,3,0.99,same,False
626,626,ISPM:objective:2025年上半年考试试题（第1批）【有答案版】单独选择题_ocr.pdf#18,A,4,695,2025年上半年,18,A,4,0.99,same,False
627,627,ISPM:objective:2025年上半年考试试题（第1批）【有答案版】单独选择题_ocr.pdf#19,D,4,696,2025年上半年,19,D,4,0.99,same,False
628,628,ISPM:objective:2025年上半年考试试题（第1批）【有答案版】单独选择题_ocr.pdf#20,B,4,697,2025年上半年,25,B,4,0.99,same,False
629,629,ISPM:objective:2025年上半年考试试题（第1批）【有答案版】单独选择题_ocr.pdf#21,D,4,698,2025年上半年,20,D,7,0.99,same,False
630,630,ISPM:objective:2025年上半年考试试题（第1批）【有答案版】单独选择题_ocr.pdf#22,A,4,699,2025年上半年,21,A,1,0.99,same,False
631,631,ISPM:objective:2025年上半年考试试题（第1批）【有答案版】单独选择题_ocr.pdf#23,B,4,700,2025年上半年,22,B,1,0.99,same,False
632,632,ISPM:objective:2025年上半年考试试题（第1批）【有答案版】单独选择题_ocr.pdf#24,A,4,701,2025年上半年,23,A,4,0.99,same,False
633,633,ISPM:objective:2025年上半年考试试题（第1批）【有答案版】单独选择题_ocr.pdf#25,C,4,702,2025年上半年,24,C,4,0.99,same,False
634,634,ISPM:objective:2025年上半年考试试题（第1批）【有答案版】单独选择题_ocr.pdf#26,A,4,703,2025年上半年,26,A,4,0.99,same,False
635,635,ISPM:objective:2025年上半年考试试题（第1批）【有答案版】单独选择题_ocr.pdf#27,D,4,704,2025年上半年,27,D,4,0.99,same,False
636,636,ISPM:objective:2025年上半年考试试题（第1批）【有答案版】单独选择题_ocr.pdf#28,B,4,705,2025年上半年,28,B,4,0.99,same,False
637,637,ISPM:objective:2025年上半年考试试题（第1批）【有答案版】单独选择题_ocr.pdf#29,C,4,706,2025年上半年,29,C,1,0.99,same,False
638,638,ISPM:objective:2025年上半年考试试题（第1批）【有答案版】单独选择题_ocr.pdf#30,B,4,707,2025年上半年,30,B,4,0.99,same,False
639,639,ISPM:objective:2025年上半年考试试题（第1批）【有答案版】单独选择题_ocr.pdf#31,B,4,708,2025年上半年,31,B,1,0.99,same,False
640,640,ISPM:objective:2025年上半年考试试题（第1批）【有答案版】单独选择题_ocr.pdf#32,C,6,709,2025年上半年,32,C,3,0.99,same,False
641,641,ISPM:objective:2025年上半年考试试题（第1批）【有答案版】单独选择题_ocr.pdf#33,B,4,710,2025年上半年,33,B,4,0.99,same,False
642,642,ISPM:objective:2025年上半年考试试题（第1批）【有答案版】单独选择题_ocr.pdf#34,B,4,711,2025年上半年,34,B,1,0.99,same,False
643,643,ISPM:objective:2025年上半年考试试题（第1批）【有答案版】单独选择题_ocr.pdf#35,B,4,712,2025年上半年,35,B,2,0.99,same,False
644,644,ISPM:objective:2025年上半年考试试题（第1批）【有答案版】单独选择题_ocr.pdf#36,C,4,713,2025年上半年,36,C,4,0.99,same,False
645,645,ISPM:objective:2025年上半年考试试题（第1批）【有答案版】单独选择题_ocr.pdf#37,A,4,714,2025年上半年,37,A,2,0.99,same,False
646,646,ISPM:objective:2025年上半年考试试题（第1批）【有答案版】单独选择题_ocr.pdf#38,A,4,715,2025年上半年,38,A,2,0.99,same,False
647,647,ISPM:objective:2025年上半年考试试题（第1批）【有答案版】单独选择题_ocr.pdf#39,C,4,716,2025年上半年,39,C,4,0.99,same,False
648,648,ISPM:objective:2025年上半年考试试题（第1批）【有答案版】单独选择题_ocr.pdf#40,A,4,717,2025年上半年,40,A,4,0.99,same,False
649,649,ISPM:objective:2025年上半年考试试题（第1批）【有答案版】单独选择题_ocr.pdf#41,A,4,718,2025年上半年,41,A,1,0.99,same,False
650,650,ISPM:objective:2025年上半年考试试题（第1批）【有答案版】单独选择题_ocr.pdf#42,C,4,719,2025年上半年,42,C,1,0.99,same,False
651,651,ISPM:objective:2025年上半年考试试题（第1批）【有答案版】单独选择题_ocr.pdf#43,A,4,720,2025年上半年,43,A,2,0.99,same,False
652,652,ISPM:objective:2025年上半年考试试题（第1批）【有答案版】单独选择题_ocr.pdf#44,A,4,721,2025年上半年,44,A,1,0.99,same,False
653,653,ISPM:objective:2025年上半年考试试题（第1批）【有答案版】单独选择题_ocr.pdf#45,A,4,722,2025年上半年,45,A,4,0.99,same,False
654,654,ISPM:objective:2025年上半年考试试题（第1批）【有答案版】单独选择题_ocr.pdf#46,A,4,723,2025年上半年,46,A,1,0.99,same,False
655,655,ISPM:objective:2025年上半年考试试题（第1批）【有答案版】单独选择题_ocr.pdf#47,C,4,724,2025年上半年,47,C,4,0.99,same,False
656,656,ISPM:objective:2025年上半年考试试题（第1批）【有答案版】单独选择题_ocr.pdf#48,D,4,725,2025年上半年,48,D,5,0.99,same,False
657,657,ISPM:objective:2025年上半年考试试题（第1批）【有答案版】单独选择题_ocr.pdf#49,B,4,726,2025年上半年,49,B,2,0.99,same,False
658,658,ISPM:objective:2025年上半年考试试题（第1批）【有答案版】单独选择题_ocr.pdf#50,D,4,727,2025年上半年,50,D,1,0.99,same,False
659,659,ISPM:objective:2025年上半年考试试题（第1批）【有答案版】单独选择题_ocr.pdf#51,C,4,728,2025年上半年,51,C,1,0.99,same,False
660,660,ISPM:objective:2025年上半年考试试题（第1批）【有答案版】单独选择题_ocr.pdf#52,C,4,729,2025年上半年,52,C,2,0.99,same,False
661,661,ISPM:objective:2025年上半年考试试题（第1批）【有答案版】单独选择题_ocr.pdf#53,C,4,730,2025年上半年,53,C,1,0.99,same,False
662,662,ISPM:objective:2025年上半年考试试题（第1批）【有答案版】单独选择题_ocr.pdf#54,A,4,731,2025年上半年,54,A,4,0.99,same,False
663,663,ISPM:objective:2025年上半年考试试题（第1批）【有答案版】单独选择题_ocr.pdf#55,B,4,732,2025年上半年,55,B,1,0.99,same,False
664,664,ISPM:objective:2025年上半年考试试题（第1批）【有答案版】单独选择题_ocr.pdf#56,A,4,733,2025年上半年,56,A,1,0.99,same,False
665,665,ISPM:objective:2025年上半年考试试题（第1批）【有答案版】单独选择题_ocr.pdf#57,A,4,734,2025年上半年,57,A,4,0.99,same,False
666,666,ISPM:objective:2025年上半年考试试题（第1批）【有答案版】单独选择题_ocr.pdf#58,A,4,735,2025年上半年,58,A,2,0.99,same,False
667,667,ISPM:objective:2025年上半年考试试题（第1批）【有答案版】单独选择题_ocr.pdf#59,C,4,736,2025年上半年,59,C,4,0.99,same,False
668,668,ISPM:objective:2025年上半年考试试题（第1批）【有答案版】单独选择题_ocr.pdf#60,D,4,737,2025年上半年,60,D,4,0.99,same,False
669,669,ISPM:objective:2025年上半年考试试题（第1批）【有答案版】单独选择题_ocr.pdf#61,B,4,738,2025年上半年,61,B,1,0.99,same,False
670,670,ISPM:objective:2025年上半年考试试题（第1批）【有答案版】单独选择题_ocr.pdf#62,B,4,739,2025年上半年,62,B,1,0.99,same,False
671,671,ISPM:objective:2025年上半年考试试题（第1批）【有答案版】单独选择题_ocr.pdf#63,C,4,740,2025年上半年,63,,1,0.99,na,False
672,672,ISPM:objective:2025年上半年考试试题（第1批）【有答案版】单独选择题_ocr.pdf#64,B,4,741,2025年上半年,64,B,1,0.99,same,False
673,673,ISPM:objective:2025年上半年考试试题（第1批）【有答案版】单独选择题_ocr.pdf#65,C,4,742,2025年上半年,65,C,1,0.99,same,False
674,674,ISPM:objective:2025年上半年考试试题（第1批）【有答案版】单独选择题_ocr.pdf#66,A,4,743,2025年上半年,66,A,3,0.99,same,False
675,675,ISPM:objective:2025年上半年考试试题（第1批）【有答案版】单独选择题_ocr.pdf#67,D,4,744,2025年上半年,67,D,1,0.99,same,False
676,676,ISPM:objective:2025年上半年考试试题（第1批）【有答案版】单独选择题_ocr.pdf#68,C,4,745,2025年上半年,68,C,4,0.99,same,False
677,677,ISPM:objective:2025年上半年考试试题（第1批）【有答案版】单独选择题_ocr.pdf#69,A,4,746,2025年上半年,69,A,1,0.99,same,False
678,678,ISPM:objective:2025年上半年考试试题（第1批）【有答案版】单独选择题_ocr.pdf#70,B,4,747,2025年上半年,70,B,1,0.99,same,False
679,679,ISPM:objective:2025年上半年考试试题（第1批）【有答案版】单独选择题_ocr.pdf#71,D,4,748,2025年上半年,71,D,3,0.99,same,False
680,680,ISPM:objective:2025年上半年考试试题（第1批）【有答案版】单独选择题_ocr.pdf#72,B,4,749,2025年上半年,72,B,4,0.99,same,False
681,681,ISPM:objective:2025年上半年考试试题（第1批）【有答案版】单独选择题_ocr.pdf#73,C,4,750,2025年上半年,73,C,2,0.99,same,False
682,682,ISPM:objective:2025年上半年考试试题（第1批）【有答案版】单独选择题_ocr.pdf#74,D,4,751,2025年上半年,74,D,4,0.99,same,False
683,683,ISPM:objective:2025年上半年考试试题（第1批）【有答案版】单独选择题_ocr.pdf#75,A,4,752,2025年上半年,75,A,3,0.99,same,False
684,684,ISPM:objective:2025年上半年考试试题（第2批）【有答案版】单独选择题_ocr.pdf#1,B,4,678,2025年上半年,1,B,4,0.99,same,False
685,685,ISPM:objective:2025年上半年考试试题（第2批）【有答案版】单独选择题_ocr.pdf#2,B,4,679,2025年上半年,2,B,1,0.99,same,False
686,686,ISPM:objective:2025年上半年考试试题（第2批）【有答案版】单独选择题_ocr.pdf#3,C,4,680,2025年上半年,3,C,4,0.99,same,False
687,687,ISPM:objective:2025年上半年考试试题（第2批）【有答案版】单独选择题_ocr.pdf#4,B,4,681,2025年上半年,4,B,4,0.99,same,False
688,688,ISPM:objective:2025年上半年考试试题（第2批）【有答案版】单独选择题_ocr.pdf#5,B,4,682,2025年上半年,5,B,2,0.99,same,False
689,689,ISPM:objective:2025年上半年考试试题（第2批）【有答案版】单独选择题_ocr.pdf#6,D,4,683,2025年上半年,6,D,4,0.99,same,False
690,690,ISPM:objective:2025年上半年考试试题（第2批）【有答案版】单独选择题_ocr.pdf#7,A,4,684,2025年上半年,7,A,4,0.99,same,False
691,691,ISPM:objective:2025年上半年考试试题（第2批）【有答案版】单独选择题_ocr.pdf#8,B,4,694,2025年上半年,17,B,3,0.99,same,False
692,692,ISPM:objective:2025年上半年考试试题（第2批）【有答案版】单独选择题_ocr.pdf#9,A,4,695,2025年上半年,18,A,4,0.99,same,False
693,693,ISPM:objective:2025年上半年考试试题（第2批）【有答案版】单独选择题_ocr.pdf#10,C,4,685,2025年上半年,8,C,1,0.99,same,False
694,694,ISPM:objective:2025年上半年考试试题（第2批）【有答案版】单独选择题_ocr.pdf#11,A,4,686,2025年上半年,9,A,8,0.99,same,False
695,695,ISPM:objective:2025年上半年考试试题（第2批）【有答案版】单独选择题_ocr.pdf#12,A,4,687,2025年上半年,10,A,4,0.99,same,False
696,696,ISPM:objective:2025年上半年考试试题（第2批）【有答案版】单独选择题_ocr.pdf#13,B,4,688,2025年上半年,11,B,4,0.99,same,False
697,697,ISPM:objective:2025年上半年考试试题（第2批）【有答案版】单独选择题_ocr.pdf#14,D,4,689,2025年上半年,12,D,4,0.99,same,False
698,698,ISPM:objective:2025年上半年考试试题（第2批）【有答案版】单独选择题_ocr.pdf#15,D,4,690,2025年上半年,13,D,4,0.99,same,False
699,699,ISPM:objective:2025年上半年考试试题（第2批）【有答案版】单独选择题_ocr.pdf#16,A,4,691,2025年上半年,14,A,1,0.99,same,False
700,700,ISPM:objective:2025年上半年考试试题（第2批）【有答案版】单独选择题_ocr.pdf#17,B,4,692,2025年上半年,15,B,1,0.99,same,False
701,701,ISPM:objective:2025年上半年考试试题（第2批）【有答案版】单独选择题_ocr.pdf#18,B,4,693,2025年上半年,16,B,4,0.99,same,False
702,702,ISPM:objective:2025年上半年考试试题（第2批）【有答案版】单独选择题_ocr.pdf#19,D,4,696,2025年上半年,19,D,4,0.99,same,False
703,703,ISPM:objective:2025年上半年考试试题（第2批）【有答案版】单独选择题_ocr.pdf#20,D,4,698,2025年上半年,20,D,7,0.99,same,False
704,704,ISPM:objective:2025年上半年考试试题（第2批）【有答案版】单独选择题_ocr.pdf#21,A,4,699,2025年上半年,21,A,1,0.99,same,False
705,705,ISPM:objective:2025年上半年考试试题（第2批）【有答案版】单独选择题_ocr.pdf#22,B,4,700,2025年上半年,22,B,1,0.99,same,False
706,706,ISPM:objective:2025年上半年考试试题（第2批）【有答案版】单独选择题_ocr.pdf#23,A,4,701,2025年上半年,23,A,4,0.99,same,False
707,707,ISPM:objective:2025年上半年考试试题（第2批）【有答案版】单独选择题_ocr.pdf#24,C,4,702,2025年上半年,24,C,4,0.99,same,False
708,708,ISPM:objective:2025年上半年考试试题（第2批）【有答案版】单独选择题_ocr.pdf#25,B,4,697,2025年上半年,25,B,4,0.99,same,False
709,709,ISPM:objective:2025年上半年考试试题（第2批）【有答案版】单独选择题_ocr.pdf#26,A,4,703,2025年上半年,26,A,4,0.99,same,False
710,710,ISPM:objective:2025年上半年考试试题（第2批）【有答案版】单独选择题_ocr.pdf#27,D,4,704,2025年上半年,27,D,4,0.99,same,False
711,711,ISPM:objective:2025年上半年考试试题（第2批）【有答案版】单独选择题_ocr.pdf#28,B,4,705,2025年上半年,28,B,4,0.99,same,False
712,712,ISPM:objective:2025年上半年考试试题（第2批）【有答案版】单独选择题_ocr.pdf#29,C,4,706,2025年上半年,29,C,1,0.99,same,False
713,713,ISPM:objective:2025年上半年考试试题（第2批）【有答案版】单独选择题_ocr.pdf#30,B,4,707,2025年上半年,30,B,4,0.99,same,False
714,714,ISPM:objective:2025年上半年考试试题（第2批）【有答案版】单独选择题_ocr.pdf#31,B,4,708,2025年上半年,31,B,1,0.99,same,False
715,715,ISPM:objective:2025年上半年考试试题（第2批）【有答案版】单独选择题_ocr.pdf#32,C,4,709,2025年上半年,32,C,3,0.99,same,False
716,716,ISPM:objective:2025年上半年考试试题（第2批）【有答案版】单独选择题_ocr.pdf#33,B,4,710,2025年上半年,33,B,4,0.99,same,False
717,717,ISPM:objective:2025年上半年考试试题（第2批）【有答案版】单独选择题_ocr.pdf#34,B,4,711,2025年上半年,34,B,1,0.99,same,False
718,718,ISPM:objective:2025年上半年考试试题（第2批）【有答案版】单独选择题_ocr.pdf#35,B,4,712,2025年上半年,35,B,2,0.99,same,False
719,719,ISPM:objective:2025年上半年考试试题（第2批）【有答案版】单独选择题_ocr.pdf#36,C,4,713,2025年上半年,36,C,4,0.99,same,False
720,720,ISPM:objective:2025年上半年考试试题（第2批）【有答案版】单独选择题_ocr.pdf#37,A,7,715,2025年上半年,38,A,2,0.99,same,False
721,721,ISPM:objective:2025年上半年考试试题（第2批）【有答案版】单独选择题_ocr.pdf#38,C,4,716,2025年上半年,39,C,4,0.99,same,False
722,722,ISPM:objective:2025年上半年考试试题（第2批）【有答案版】单独选择题_ocr.pdf#39,A,4,717,2025年上半年,40,A,4,0.99,same,False
723,723,ISPM:objective:2025年上半年考试试题（第2批）【有答案版】单独选择题_ocr.pdf#40,C,4,719,2025年上半年,42,C,1,0.99,same,False
724,724,ISPM:objective:2025年上半年考试试题（第2批）【有答案版】单独选择题_ocr.pdf#41,A,4,720,2025年上半年,43,A,2,0.99,same,False
725,725,ISPM:objective:2025年上半年考试试题（第2批）【有答案版】单独选择题_ocr.pdf#42,A,4,721,2025年上半年,44,A,1,0.99,same,False
726,726,ISPM:objective:2025年上半年考试试题（第2批）【有答案版】单独选择题_ocr.pdf#43,A,4,722,2025年上半年,45,A,4,0.99,same,False
727,727,ISPM:objective:2025年上半年考试试题（第2批）【有答案版】单独选择题_ocr.pdf#44,A,4,723,2025年上半年,46,A,1,0.99,same,False
728,728,ISPM:objective:2025年上半年考试试题（第2批）【有答案版】单独选择题_ocr.pdf#45,C,4,724,2025年上半年,47,C,4,0.99,same,False
729,729,ISPM:objective:2025年上半年考试试题（第2批）【有答案版】单独选择题_ocr.pdf#46,D,4,725,2025年上半年,48,D,5,0.99,same,False
730,730,ISPM:objective:2025年上半年考试试题（第2批）【有答案版】单独选择题_ocr.pdf#47,B,4,726,2025年上半年,49,B,2,0.99,same,False
731,731,ISPM:objective:2025年上半年考试试题（第2批）【有答案版】单独选择题_ocr.pdf#48,D,4,727,2025年上半年,50,D,1,0.99,same,False
732,732,ISPM:objective:2025年上半年考试试题（第2批）【有答案版】单独选择题_ocr.pdf#49,C,4,728,2025年上半年,51,C,1,0.99,same,False
733,733,ISPM:objective:2025年上半年考试试题（第2批）【有答案版】单独选择题_ocr.pdf#50,C,4,729,2025年上半年,52,C,2,0.99,same,False
734,734,ISPM:objective:2025年上半年考试试题（第2批）【有答案版】单独选择题_ocr.pdf#51,C,4,730,2025年上半年,53,C,1,0.99,same,False
735,735,ISPM:objective:2025年上半年考试试题（第2批）【有答案版】单独选择题_ocr.pdf#52,A,4,731,2025年上半年,54,A,4,0.99,same,False
736,736,ISPM:objective:2025年上半年考试试题（第2批）【有答案版】单独选择题_ocr.pdf#53,B,4,732,2025年上半年,55,B,1,0.99,same,False
737,737,ISPM:objective:2025年上半年考试试题（第2批）【有答案版】单独选择题_ocr.pdf#54,A,4,733,2025年上半年,56,A,1,0.99,same,False
738,738,ISPM:objective:2025年上半年考试试题（第2批）【有答案版】单独选择题_ocr.pdf#55,A,4,734,2025年上半年,57,A,4,0.99,same,False
739,739,ISPM:objective:2025年上半年考试试题（第2批）【有答案版】单独选择题_ocr.pdf#56,A,4,735,2025年上半年,58,A,2,0.99,same,False
740,740,ISPM:objective:2025年上半年考试试题（第2批）【有答案版】单独选择题_ocr.pdf#57,C,4,736,2025年上半年,59,C,4,0.99,same,False
741,741,ISPM:objective:2025年上半年考试试题（第2批）【有答案版】单独选择题_ocr.pdf#58,D,4,737,2025年上半年,60,D,4,0.99,same,False
742,742,ISPM:objective:2025年上半年考试试题（第2批）【有答案版】单独选择题_ocr.pdf#59,B,4,738,2025年上半年,61,B,1,0.99,same,False
743,743,ISPM:objective:2025年上半年考试试题（第2批）【有答案版】单独选择题_ocr.pdf#60,B,4,739,2025年上半年,62,B,1,0.99,same,False
744,744,ISPM:objective:2025年上半年考试试题（第2批）【有答案版】单独选择题_ocr.pdf#61,B,5,740,2025年上半年,63,,1,0.99,na,False
745,745,ISPM:objective:2025年上半年考试试题（第2批）【有答案版】单独选择题_ocr.pdf#62,B,4,741,2025年上半年,64,B,1,0.99,same,False
746,746,ISPM:objective:2025年上半年考试试题（第2批）【有答案版】单独选择题_ocr.pdf#63,C,4,742,2025年上半年,65,C,1,0.99,same,False
747,747,ISPM:objective:2025年上半年考试试题（第2批）【有答案版】单独选择题_ocr.pdf#64,A,4,743,2025年上半年,66,A,3,0.99,same,False
748,748,ISPM:objective:2025年上半年考试试题（第2批）【有答案版】单独选择题_ocr.pdf#65,D,4,744,2025年上半年,67,D,1,0.99,same,False
749,749,ISPM:objective:2025年上半年考试试题（第2批）【有答案版】单独选择题_ocr.pdf#66,C,4,745,2025年上半年,68,C,4,0.99,same,False
750,750,ISPM:objective:2025年上半年考试试题（第2批）【有答案版】单独选择题_ocr.pdf#67,A,4,746,2025年上半年,69,A,1,0.99,same,False
751,751,ISPM:objective:2025年上半年考试试题（第2批）【有答案版】单独选择题_ocr.pdf#68,B,4,747,2025年上半年,70,B,1,0.99,same,False
752,752,ISPM:objective:2025年上半年考试试题（第2批）【有答案版】单独选择题_ocr.pdf#69,D,4,748,2025年上半年,71,D,3,0.99,same,False
753,753,ISPM:objective:2025年上半年考试试题（第2批）【有答案版】单独选择题_ocr.pdf#70,B,4,749,2025年上半年,72,B,4,0.99,same,False
754,754,ISPM:objective:2025年上半年考试试题（第2批）【有答案版】单独选择题_ocr.pdf#71,C,4,750,2025年上半年,73,C,2,0.99,same,False
755,755,ISPM:objective:2025年上半年考试试题（第2批）【有答案版】单独选择题_ocr.pdf#72,D,4,751,2025年上半年,74,D,4,0.99,same,False
756,756,ISPM:objective:2025年上半年考试试题（第2批）【有答案版】单独选择题_ocr.pdf#73,A,4,752,2025年上半年,75,A,3,0.99,same,False
757,757,ISPM:case:2020年下半年案例分析_ocr.pdf#1,,0,39,2020年下半年,41,C,1,0.1583,na,True
758,758,ISPM:case:2020年下半年案例分析_ocr.pdf#2,,0,35,2020年下半年,37,B,1,0.1597,na,True
759,759,ISPM:case:2020年下半年案例分析_ocr.pdf#3,,0,25,2020年下半年,25,D,1,0.1534,na,True
760,760,ISPM:case:2021年上半年案例分析_ocr.pdf#1,,0,112,2021年上半年,43,C,4,0.1507,na,True
761,761,ISPM:case:2021年上半年案例分析_ocr.pdf#2,,0,108,2021年上半年,39,C,1,0.2572,na,True
762,762,ISPM:case:2021年上半年案例分析_ocr.pdf#3,,0,112,2021年上半年,43,C,4,0.1872,na,True
763,763,ISPM:case:2021年下半年案例分析_ocr.pdf#1,,0,180,2021年下半年,38,A,4,0.1292,na,True
764,764,ISPM:case:2021年下半年案例分析_ocr.pdf#2,,0,182,2021年下半年,40,C,4,0.2658,na,True
765,765,ISPM:case:2021年下半年案例分析_ocr.pdf#3,,0,169,2021年下半年,27,C,1,0.1305,na,True
766,766,ISPM:case:2022年上半年案例分析_ocr.pdf#1,,0,241,2022年上半年,28,B,4,0.1535,na,True
767,767,ISPM:case:2022年上半年案例分析_ocr.pdf#2,,0,270,2022年上半年,59,D,4,0.2533,na,True
768,768,ISPM:case:2022年上半年案例分析_ocr.pdf#3,,0,266,2022年上半年,55,A,4,0.2531,na,True
769,769,ISPM:case:2022年下半年案例分析_ocr.pdf#1,,0,340,2022年下半年,60,B,4,0.1354,na,True
770,770,ISPM:case:2022年下半年案例分析_ocr.pdf#2,,0,347,2022年下半年,70,C,1,0.1866,na,True
771,771,ISPM:case:2022年下半年案例分析_ocr.pdf#3,,0,291,2022年下半年,8,C,1,0.1218,na,True
772,772,ISPM:case:2023年上半年案例分析【有答案版】_ocr.pdf#1,,0,57,2020年下半年,59,B,4,0.1596,na,True
773,773,ISPM:case:2023年上半年案例分析【有答案版】_ocr.pdf#2,,0,269,2022年上半年,58,B,2,0.1643,na,True
774,774,ISPM:case:2023年上半年案例分析【有答案版】_ocr.pdf#3,,0,340,2022年下半年,60,B,4,0.158,na,True
775,775,ISPM:case:2023年下半年案例分析（第1批）_ocr.pdf#1,,0,513,2023年下半年,31,B,2,0.1649,na,True
776,776,ISPM:case:2023年下半年案例分析（第1批）_ocr.pdf#2,,0,402,2023年下半年,14,A,1,0.1914,na,True
777,777,ISPM:case:2023年下半年案例分析（第1批）_ocr.pdf#3,,0,429,2023年下半年,41,A,1,0.2236,na,True
778,778,ISPM:case:2023年下半年案例分析（第2批）_ocr.pdf#1,,0,353,2023年下半年,2,D,1,0.201,na,True
779,779,ISPM:case:2023年下半年案例分析（第2批）_ocr.pdf#2,,0,505,2023年下半年,23,B,1,0.1574,na,True
780,780,ISPM:case:2023年下半年案例分析（第2批）_ocr.pdf#3,,0,513,2023年下半年,31,B,2,0.1574,na,True
781,781,ISPM:case:2023年下半年案例分析（第3批）_ocr.pdf#1,,0,433,2023年下半年,45,C,1,0.1667,na,True
782,782,ISPM:case:2023年下半年案例分析（第3批）_ocr.pdf#2,,0,433,2023年下半年,45,C,1,0.17,na,True
783,783,ISPM:case:2023年下半年案例分析（第3批）_ocr.pdf#3,,0,436,2023年下半年,48,D,1,0.2101,na,True
784,784,ISPM:case:2023年下半年案例分析（第4批）_ocr.pdf#1,,0,394,2023年下半年,6,D,1,0.2844,na,True
785,785,ISPM:case:2023年下半年案例分析（第4批）_ocr.pdf#2,,0,424,2023年下半年,36,A,1,0.3661,na,True
786,786,ISPM:case:2023年下半年案例分析（第4批）_ocr.pdf#3,,0,398,2023年下半年,10,A,1,0.2126,na,True
787,787,ISPM:case:2024年上半年案例分析（第1批）【有答案版】_ocr.pdf#1,,0,616,2024年上半年,12,B,4,0.1485,na,True
788,788,ISPM:case:2024年上半年案例分析（第1批）【有答案版】_ocr.pdf#2,,0,643,2024年上半年,39,A,1,0.1414,na,True
789,789,ISPM:case:2024年上半年案例分析（第1批）【有答案版】_ocr.pdf#3,,0,563,2024年上半年,34,B,2,0.1623,na,True
790,790,ISPM:case:2024年上半年案例分析（第2批）【有答案版】_ocr.pdf#1,,0,536,2024年上半年,7,C,4,0.1707,na,True
791,791,ISPM:case:2024年上半年案例分析（第2批）【有答案版】_ocr.pdf#2,,0,626,2024年上半年,22,A,2,0.1524,na,True
792,792,ISPM:case:2024年上半年案例分析（第2批）【有答案版】_ocr.pdf#3,,0,555,2024年上半年,26,B,1,0.1363,na,True
793,793,ISPM:case:2025年上半年案例分析（第1批）【有答案版】_ocr.pdf#1,,0,709,2025年上半年,32,C,3,0.146,na,True
794,794,ISPM:case:2025年上半年案例分析（第1批）【有答案版】_ocr.pdf#2,,0,825,2025年上半年,75,A,22,0.1765,na,True
795,795,ISPM:case:2025年上半年案例分析（第1批）【有答案版】_ocr.pdf#3,,0,700,2025年上半年,22,B,1,0.1412,na,True
796,796,ISPM:case:2025年上半年案例分析（第2批）【有答案版】_ocr.pdf#1,,0,709,2025年上半年,32,C,3,0.208,na,True
797,797,ISPM:case:2025年上半年案例分析（第2批）【有答案版】_ocr.pdf#2,,0,778,2025年上半年,26,B,4,0.1303,na,True
798,798,ISPM:case:2025年上半年案例分析（第2批）【有答案版】_ocr.pdf#3,,0,700,2025年上半年,22,B,1,0.1365,na,True
799,799,ISPM:essay:2020年下半年论文写作试题_ocr.pdf#1,,0,16,2020年下半年,16,A,2,0.1351,na,True
800,800,ISPM:essay:2020年下半年论文写作试题_ocr.pdf#2,,0,57,2020年下半年,59,B,4,0.1408,na,True
801,801,ISPM:essay:2021年上半年论文写作试题_ocr.pdf,,0,108,2021年上半年,39,C,1,0.2265,na,True
802,802,ISPM:essay:2023年上半年论文写作试题_ocr.pdf,,0,348,2022年下半年,71,,1,0.2734,na,True
803,803,ISPM:essay:2023年下半年论文写作试题（第1批）_ocr.pdf,,0,396,2023年下半年,8,A,1,0.2407,na,True
804,804,ISPM:essay:2023年下半年论文写作试题（第2批）_ocr.pdf,,0,396,2023年下半年,8,A,1,0.25,na,True
805,805,ISPM:essay:2023年下半年论文写作试题（第3批）_ocr.pdf,,0,396,2023年下半年,8,A,1,0.2407,na,True
806,806,ISPM:essay:2023年下半年论文写作试题（第4批）_ocr.pdf,,0,396,2023年下半年,8,A,1,0.2731,na,True
807,807,ISPM:essay:2024年上半年论文写作试题（第1批）_ocr.pdf,,0,549,2024年上半年,20,D,1,0.1937,na,True
808,808,ISPM:essay:2024年上半年论文写作试题（第2批）_ocr.pdf,,0,549,2024年上半年,20,D,1,0.1937,na,True
809,809,ISPM:essay:2025年上半年论文写作试题（第1批）_ocr.pdf,,0,700,2025年上半年,22,B,1,0.1035,na,True
810,810,ISPM:essay:2025年上半年论文写作试题（第2批）_ocr.pdf,,0,699,2025年上半年,21,A,1,0.0969,na,True
